2026-06-17 11:20:00,003 - DEBUG    [browser_use.utils] Display size: width=2560 height=1600
2026-06-17 11:20:01,415 - INFO     [service] Using anonymized telemetry, see https://docs.browser-use.com/development/telemetry.
2026-06-17 11:20:04,229 - DEBUG    [browser_use.BrowserSession🅑 2673 🅣 [91m--[0m] 🚌 [BrowserSession.on_BrowserStartEvent(#0d1d)]           ⏳ Starting...       👈 by Agent 
2026-06-17 11:20:04,273 - DEBUG    [browser_use.BrowserSession🅑 2673 🅣 [91m--[0m] 📄 PDF auto-download enabled for this session
2026-06-17 11:20:04,273 - DEBUG    [browser_use.BrowserSession🅑 2673 🅣 [91m--[0m] 🍪 StorageStateWatchdog enabled (storage_state: False, user_data_dir: True)
2026-06-17 11:20:04,274 - DEBUG    [browser_use.BrowserSession🅑 2673 🅣 [91m--[0m] 🚀 PopupsWatchdog initialized with browser_session=BrowserSession🅑 2673 🅣 [91m--[0m, ID=1760071903152
2026-06-17 11:20:04,275 - DEBUG    [browser_use.BrowserSession🅑 2673 🅣 [91m--[0m] 🚌 [DownloadsWatchdog.on_BrowserLaunchEvent(#c74e)]       ⏳ Starting...       ↲  triggered by on_BrowserStartEvent#0d1d 👈 by Agent
2026-06-17 11:20:04,275 - DEBUG    [browser_use.BrowserSession🅑 2673 🅣 [91m--[0m] [DownloadsWatchdog] Received BrowserLaunchEvent, EventBus ID: 1760038136112
2026-06-17 11:20:04,276 - DEBUG    [browser_use.BrowserSession🅑 2673 🅣 [91m--[0m] [DownloadsWatchdog] Ensured downloads directory exists: D:\desktop\1\browser-use-main\Images\ImagesCache
2026-06-17 11:20:04,276 - DEBUG    [browser_use.BrowserSession🅑 2673 🅣 [91m--[0m] 🚌 [DownloadsWatchdog.on_BrowserLaunchEvent(#c74e)]       Succeeded (0.00s) ⤴  returned to  on_BrowserStartEvent#0d1d
2026-06-17 11:20:04,276 - DEBUG    [browser_use.BrowserSession🅑 2673 🅣 [91m--[0m] 🚌 [LocalBrowserWatchdog.on_BrowserLaunchEvent(#c74e)]    ⏳ Starting...       ↲  triggered by on_BrowserStartEvent#0d1d 👈 by Agent
2026-06-17 11:20:04,276 - DEBUG    [browser_use.BrowserSession🅑 2673 🅣 [91m--[0m] [LocalBrowserWatchdog] Received BrowserLaunchEvent, launching local browser...
2026-06-17 11:20:04,276 - DEBUG    [browser_use.BrowserSession🅑 2673 🅣 [91m--[0m] [LocalBrowserWatchdog] 📦 Found local browser installed at executable_path= C:\Program Files\Google\Chrome\Application\chrome.exe
2026-06-17 11:20:04,277 - DEBUG    [browser_use.BrowserSession🅑 2673 🅣 [91m--[0m] [LocalBrowserWatchdog] 🚀 Launching browser subprocess with 59 args...
2026-06-17 11:20:04,277 - DEBUG    [browser_use.BrowserSession🅑 2673 🅣 [91m--[0m] [LocalBrowserWatchdog] 📂 user_data_dir=C:\Users\wxl53\AppData\Local\Temp\browser-use-user-data-dir-ubyeaa2r, profile_directory=Default
2026-06-17 11:20:04,285 - DEBUG    [browser_use.BrowserSession🅑 2673 🅣 [91m--[0m] [LocalBrowserWatchdog] 🎭 Browser running with browser_pid= 29344 🔗 listening on CDP port :49952
2026-06-17 11:20:05,314 - DEBUG    [browser_use.BrowserSession🅑 2673 🅣 [91m--[0m] 🚌 [LocalBrowserWatchdog.on_BrowserLaunchEvent(#c74e)]    Succeeded (1.04s) ➡️ <BrowserLaunchResult> ⤴  returned to  on_BrowserStartEvent#0d1d
2026-06-17 11:20:05,338 - DEBUG    [browser_use.BrowserSession🅑 2673 🅣 [91m--[0m] Raw version info: <Response [200 OK]>
2026-06-17 11:20:05,341 - DEBUG    [browser_use.BrowserSession🅑 2673 🅣 [91m--[0m] 🌎 Connecting to existing chromium-based browser via CDP: ws://127.0.0.1:49952/devtools/browser/c30351fa-62db-4efc-a644-2222efaff459 -> (local browser)
2026-06-17 11:20:05,509 - DEBUG    [browser_use.BrowserSession🅑 2673 🅣 [91m--[0m] [SessionManager] Event monitoring started
2026-06-17 11:20:05,510 - DEBUG    [browser_use.BrowserSession🅑 2673 🅣 [91m--[0m] [SessionManager] Discovered 1 existing targets
2026-06-17 11:20:05,511 - DEBUG    [browser_use.BrowserSession🅑 2673 🅣 [91m--[0m] [SessionManager] Target attached: 40CD4D94... (session=5FE7F18F..., type=page, waitingForDebugger=False)
2026-06-17 11:20:05,512 - DEBUG    [browser_use.BrowserSession🅑 2673 🅣 [91m--[0m] [SessionManager] Created target 40CD4D94... (type=page)
2026-06-17 11:20:05,512 - DEBUG    [browser_use.BrowserSession🅑 2673 🅣 [91m--[0m] [SessionManager] Created session 5FE7F18F... for target 40CD4D94... (total sessions: 1)
2026-06-17 11:20:05,572 - DEBUG    [browser_use.BrowserSession🅑 2673 🅣 [91m--[0m] Event-driven session manager started
2026-06-17 11:20:05,572 - DEBUG    [browser_use.BrowserSession🅑 2673 🅣 [91m--[0m] [SessionManager] Target attached: 40CD4D94... (session=77F8A4DA..., type=page, waitingForDebugger=False)
2026-06-17 11:20:05,572 - DEBUG    [browser_use.BrowserSession🅑 2673 🅣 [91m--[0m] CDP client connected with auto-attach enabled
2026-06-17 11:20:05,572 - DEBUG    [browser_use.BrowserSession🅑 2673 🅣 [91m--[0m] 🔄 Redirecting chrome://newtab/ to about:blank for target 40CD4D940F49C5B85898F7AA23D37158
2026-06-17 11:20:05,573 - DEBUG    [browser_use.BrowserSession🅑 2673 🅣 [91m--[0m] [SessionManager] Created session 77F8A4DA... for target 40CD4D94... (total sessions: 2)
2026-06-17 11:20:05,585 - DEBUG    [browser_use.BrowserSession🅑 2673 🅣 [91m--[0m] 📄 Using existing page: 40CD4D940F49C5B85898F7AA23D37158
2026-06-17 11:20:05,585 - DEBUG    [browser_use.BrowserSession🅑 2673 🅣 [91m--[0m] [SessionManager] Switching focus: None... → 40CD4D94...
2026-06-17 11:20:05,647 - DEBUG    [browser_use.BrowserSession🅑 2673 🅣 58] 📄 Agent focus set to 40CD4D94...
2026-06-17 11:20:05,647 - DEBUG    [browser_use.BrowserSession🅑 2673 🅣 58] Proxy credentials not provided; skipping proxy auth setup
2026-06-17 11:20:05,647 - DEBUG    [browser_use.BrowserSession🅑 2673 🅣 58] Dispatching TabCreatedEvent for initial tab 0: about:blank
2026-06-17 11:20:05,647 - DEBUG    [browser_use.BrowserSession🅑 2673 🅣 58] Initial agent focus set to tab 0: about:blank
2026-06-17 11:20:05,647 - DEBUG    [browser_use.BrowserSession🅑 2673 🅣 58] 🚌 [BrowserSession.on_BrowserStartEvent(#0d1d)]           Succeeded (1.42s) ➡️ <dict> 👉 returned to  Agent
2026-06-17 11:20:05,649 - DEBUG    [browser_use.BrowserSession🅑 2673 🅣 58] 🚌 [BrowserSession.on_TabCreatedEvent(#e932)]             ⏳ Starting...       ↲  triggered by on_BrowserStartEvent#0d1d 👈 by Agent
2026-06-17 11:20:05,649 - DEBUG    [browser_use.BrowserSession🅑 2673 🅣 58] 🚌 [BrowserSession.on_TabCreatedEvent(#e932)]             Succeeded (0.00s) ⤴  returned to  on_BrowserStartEvent#0d1d
2026-06-17 11:20:05,650 - DEBUG    [browser_use.BrowserSession🅑 2673 🅣 58] 🚌 [DownloadsWatchdog.on_TabCreatedEvent(#e932)]          ⏳ Starting...       ↲  triggered by on_BrowserStartEvent#0d1d 👈 by Agent
2026-06-17 11:20:05,652 - INFO     [BrowserSession] [DownloadsWatchdog] Lightweight downloads enabled; saving downloads to D:\desktop\1\browser-use-main\Images\ImagesCache without event tracking
2026-06-17 11:20:05,652 - DEBUG    [browser_use.BrowserSession🅑 2673 🅣 58] 🚌 [DownloadsWatchdog.on_TabCreatedEvent(#e932)]          Succeeded (0.00s) ⤴  returned to  on_BrowserStartEvent#0d1d
2026-06-17 11:20:05,652 - DEBUG    [browser_use.BrowserSession🅑 2673 🅣 58] 🚌 [SecurityWatchdog.on_TabCreatedEvent(#e932)]           ⏳ Starting...       ↲  triggered by on_BrowserStartEvent#0d1d 👈 by Agent
2026-06-17 11:20:05,653 - DEBUG    [browser_use.BrowserSession🅑 2673 🅣 58] 🚌 [SecurityWatchdog.on_TabCreatedEvent(#e932)]           Succeeded (0.00s) ⤴  returned to  on_BrowserStartEvent#0d1d
2026-06-17 11:20:05,653 - DEBUG    [browser_use.BrowserSession🅑 2673 🅣 58] 🚌 [AboutBlankWatchdog.on_TabCreatedEvent(#e932)]         ⏳ Starting...       ↲  triggered by on_BrowserStartEvent#0d1d 👈 by Agent
2026-06-17 11:20:05,656 - DEBUG    [browser_use.BrowserSession🅑 2673 🅣 58] 🚌 [AboutBlankWatchdog.on_TabCreatedEvent(#e932)]         Succeeded (0.00s) ⤴  returned to  on_BrowserStartEvent#0d1d
2026-06-17 11:20:05,656 - DEBUG    [browser_use.BrowserSession🅑 2673 🅣 58] 🚌 [PopupsWatchdog.on_TabCreatedEvent(#e932)]             ⏳ Starting...       ↲  triggered by on_BrowserStartEvent#0d1d 👈 by Agent
2026-06-17 11:20:05,656 - DEBUG    [browser_use.BrowserSession🅑 2673 🅣 58] 🎯 PopupsWatchdog received TabCreatedEvent for target 40CD4D940F49C5B85898F7AA23D37158
2026-06-17 11:20:05,656 - DEBUG    [browser_use.BrowserSession🅑 2673 🅣 58] 📌 Starting dialog handler setup for target 40CD4D940F49C5B85898F7AA23D37158
2026-06-17 11:20:05,657 - DEBUG    [browser_use.BrowserSession🅑 2673 🅣 58] ✅ Enabled Page domain for session 57204E05
2026-06-17 11:20:05,657 - DEBUG    [browser_use.BrowserSession🅑 2673 🅣 58] 📌 Also registering handler on root CDP client
2026-06-17 11:20:05,659 - DEBUG    [browser_use.BrowserSession🅑 2673 🅣 58] Failed to enable Page domain on root: {'code': -32601, 'message': "'Page.enable' wasn't found"}
2026-06-17 11:20:05,659 - DEBUG    [browser_use.BrowserSession🅑 2673 🅣 58] Successfully registered Page.javascriptDialogOpening handler for session 77F8A4DA62A584E148C37CA757204E05
2026-06-17 11:20:05,659 - DEBUG    [browser_use.BrowserSession🅑 2673 🅣 58] Successfully registered dialog handler on root CDP client for all frames
2026-06-17 11:20:05,659 - DEBUG    [browser_use.BrowserSession🅑 2673 🅣 58] Set up JavaScript dialog handling for tab 40CD4D940F49C5B85898F7AA23D37158
2026-06-17 11:20:05,659 - DEBUG    [browser_use.BrowserSession🅑 2673 🅣 58] 🚌 [PopupsWatchdog.on_TabCreatedEvent(#e932)]             Succeeded (0.00s) ⤴  returned to  on_BrowserStartEvent#0d1d
2026-06-17 11:20:05,659 - DEBUG    [browser_use.BrowserSession🅑 2673 🅣 58] 🚌 [DOMWatchdog.on_TabCreatedEvent(#e932)]                ⏳ Starting...       ↲  triggered by on_BrowserStartEvent#0d1d 👈 by Agent
2026-06-17 11:20:05,659 - DEBUG    [browser_use.BrowserSession🅑 2673 🅣 58] 🚌 [DOMWatchdog.on_TabCreatedEvent(#e932)]                Succeeded (0.00s) ⤴  returned to  on_BrowserStartEvent#0d1d
2026-06-17 11:20:05,661 - DEBUG    [browser_use.BrowserSession🅑 2673 🅣 58] 🚌 [BrowserSession.on_AgentFocusChangedEvent(#7568)]      ⏳ Starting...       ↲  triggered by on_BrowserStartEvent#0d1d 👈 by Agent
2026-06-17 11:20:05,661 - DEBUG    [browser_use.BrowserSession🅑 2673 🅣 58] 🔄 AgentFocusChangedEvent received: target_id=...7158 url=about:blank
2026-06-17 11:20:05,661 - DEBUG    [browser_use.BrowserSession🅑 2673 🅣 58] 🔄 Cached browser state cleared
2026-06-17 11:20:05,662 - DEBUG    [browser_use.BrowserSession🅑 2673 🅣 58] 🚌 [BrowserSession.on_AgentFocusChangedEvent(#7568)]      Succeeded (0.00s) ⤴  returned to  on_BrowserStartEvent#0d1d
2026-06-17 11:20:05,663 - DEBUG    [browser_use.BrowserSession🅑 2673 🅣 58] 🚌 [RecordingWatchdog.on_AgentFocusChangedEvent(#7568)]   ⏳ Starting...       ↲  triggered by on_BrowserStartEvent#0d1d 👈 by Agent
2026-06-17 11:20:05,663 - DEBUG    [browser_use.BrowserSession🅑 2673 🅣 58] 🚌 [RecordingWatchdog.on_AgentFocusChangedEvent(#7568)]   Succeeded (0.00s) ⤴  returned to  on_BrowserStartEvent#0d1d
2026-06-17 11:20:05,664 - DEBUG    [browser_use.BrowserSession🅑 2673 🅣 58] 🚌 [StorageStateWatchdog.on_BrowserConnectedEvent(#ae25)] ⏳ Starting...       ↲  triggered by on_BrowserStartEvent#0d1d 👈 by Agent
2026-06-17 11:20:05,664 - DEBUG    [browser_use.BrowserSession🅑 2673 🅣 58] [StorageStateWatchdog] 🍪 Initializing auth/cookies sync <-> with storage_state.json file
2026-06-17 11:20:05,664 - DEBUG    [browser_use.BrowserSession🅑 2673 🅣 58] 🚌 [StorageStateWatchdog.on_LoadStorageStateEvent(#71af)] ⏳ Starting...       ↲  triggered by on_BrowserConnectedEvent#ae25 ↲  under BrowserStartEvent#0d1d
2026-06-17 11:20:05,664 - DEBUG    [browser_use.BrowserSession🅑 2673 🅣 58] 🚌 [StorageStateWatchdog.on_LoadStorageStateEvent(#71af)] Succeeded (0.00s) ⤴  returned to  on_BrowserConnectedEvent#ae25
2026-06-17 11:20:05,665 - DEBUG    [browser_use.BrowserSession🅑 2673 🅣 58] 🚌 [StorageStateWatchdog.on_BrowserConnectedEvent(#ae25)] Succeeded (0.00s) ⤴  returned to  on_BrowserStartEvent#0d1d
2026-06-17 11:20:05,665 - DEBUG    [browser_use.BrowserSession🅑 2673 🅣 58] 🚌 [PermissionsWatchdog.on_BrowserConnectedEvent(#ae25)]  ⏳ Starting...       ↲  triggered by on_BrowserStartEvent#0d1d 👈 by Agent
2026-06-17 11:20:05,665 - DEBUG    [browser_use.BrowserSession🅑 2673 🅣 58] 🔓 Granting browser permissions: ['clipboardReadWrite', 'notifications']
2026-06-17 11:20:05,667 - DEBUG    [browser_use.BrowserSession🅑 2673 🅣 58] ✅ Successfully granted permissions: ['clipboardReadWrite', 'notifications']
2026-06-17 11:20:05,668 - DEBUG    [browser_use.BrowserSession🅑 2673 🅣 58] 🚌 [PermissionsWatchdog.on_BrowserConnectedEvent(#ae25)]  Succeeded (0.00s) ⤴  returned to  on_BrowserStartEvent#0d1d
2026-06-17 11:20:05,668 - DEBUG    [browser_use.BrowserSession🅑 2673 🅣 58] 🚌 [RecordingWatchdog.on_BrowserConnectedEvent(#ae25)]    ⏳ Starting...       ↲  triggered by on_BrowserStartEvent#0d1d 👈 by Agent
2026-06-17 11:20:05,668 - DEBUG    [browser_use.BrowserSession🅑 2673 🅣 58] 🚌 [RecordingWatchdog.on_BrowserConnectedEvent(#ae25)]    Succeeded (0.00s) ⤴  returned to  on_BrowserStartEvent#0d1d
2026-06-17 11:20:08,029 - DEBUG    [browser_use.BrowserSession🅑 2673 🅣 [91m--[0m] [SessionManager] Target attached: 48DEA4F4... (session=6DC31E56..., type=worker, waitingForDebugger=False)
2026-06-17 11:20:08,029 - DEBUG    [browser_use.BrowserSession🅑 2673 🅣 [91m--[0m] [SessionManager] Target attached: 48DEA4F4... (session=E5A91C8A..., type=worker, waitingForDebugger=False)
2026-06-17 11:20:08,030 - DEBUG    [browser_use.BrowserSession🅑 2673 🅣 [91m--[0m] [SessionManager] Created target 48DEA4F4... (type=worker)
2026-06-17 11:20:08,030 - DEBUG    [browser_use.BrowserSession🅑 2673 🅣 [91m--[0m] [SessionManager] Created session 6DC31E56... for target 48DEA4F4... (total sessions: 3)
2026-06-17 11:20:08,032 - DEBUG    [browser_use.BrowserSession🅑 2673 🅣 [91m--[0m] [SessionManager] Created session E5A91C8A... for target 48DEA4F4... (total sessions: 4)
2026-06-17 11:20:08,412 - DEBUG    [browser_use.BrowserSession🅑 2673 🅣 [91m--[0m] [SessionManager] Target attached: EAACECD6... (session=6FD33051..., type=iframe, waitingForDebugger=False)
2026-06-17 11:20:08,412 - DEBUG    [browser_use.BrowserSession🅑 2673 🅣 [91m--[0m] [SessionManager] Target attached: EAACECD6... (session=686835D7..., type=iframe, waitingForDebugger=False)
2026-06-17 11:20:08,412 - DEBUG    [browser_use.BrowserSession🅑 2673 🅣 [91m--[0m] [SessionManager] Created target EAACECD6... (type=iframe)
2026-06-17 11:20:08,412 - DEBUG    [browser_use.BrowserSession🅑 2673 🅣 [91m--[0m] [SessionManager] Created session 6FD33051... for target EAACECD6... (total sessions: 5)
2026-06-17 11:20:08,418 - DEBUG    [browser_use.BrowserSession🅑 2673 🅣 [91m--[0m] [SessionManager] Created session 686835D7... for target EAACECD6... (total sessions: 6)
2026-06-17 11:20:10,583 - DEBUG    [browser_use.BrowserSession🅑 2673 🅣 [91m--[0m] [SessionManager] Target attached: DA6D475D... (session=02C9DDAC..., type=worker, waitingForDebugger=False)
2026-06-17 11:20:10,584 - DEBUG    [browser_use.BrowserSession🅑 2673 🅣 [91m--[0m] [SessionManager] Target attached: DA6D475D... (session=4FC9F08A..., type=worker, waitingForDebugger=False)
2026-06-17 11:20:10,584 - DEBUG    [browser_use.BrowserSession🅑 2673 🅣 [91m--[0m] [SessionManager] Created target DA6D475D... (type=worker)
2026-06-17 11:20:10,584 - DEBUG    [browser_use.BrowserSession🅑 2673 🅣 [91m--[0m] [SessionManager] Created session 02C9DDAC... for target DA6D475D... (total sessions: 7)
2026-06-17 11:20:10,585 - DEBUG    [browser_use.BrowserSession🅑 2673 🅣 [91m--[0m] [SessionManager] Created session 4FC9F08A... for target DA6D475D... (total sessions: 8)
2026-06-17 11:20:10,603 - DEBUG    [browser_use.BrowserSession🅑 2673 🅣 [91m--[0m] [SessionManager] Target attached: D0C25E6E... (session=71CA53EF..., type=worker, waitingForDebugger=False)
2026-06-17 11:20:10,603 - DEBUG    [browser_use.BrowserSession🅑 2673 🅣 [91m--[0m] [SessionManager] Target attached: D0C25E6E... (session=6192B6B2..., type=worker, waitingForDebugger=False)
2026-06-17 11:20:10,603 - DEBUG    [browser_use.BrowserSession🅑 2673 🅣 [91m--[0m] [SessionManager] Created target D0C25E6E... (type=worker)
2026-06-17 11:20:10,603 - DEBUG    [browser_use.BrowserSession🅑 2673 🅣 [91m--[0m] [SessionManager] Created session 71CA53EF... for target D0C25E6E... (total sessions: 9)
2026-06-17 11:20:10,604 - DEBUG    [browser_use.BrowserSession🅑 2673 🅣 [91m--[0m] [SessionManager] Created session 6192B6B2... for target D0C25E6E... (total sessions: 10)
2026-06-17 11:20:10,605 - DEBUG    [browser_use.BrowserSession🅑 2673 🅣 [91m--[0m] [SessionManager] Session detached: target=D0C25E6E... session=71CA53EF... (remaining=1)
2026-06-17 11:20:10,605 - DEBUG    [browser_use.BrowserSession🅑 2673 🅣 [91m--[0m] [SessionManager] Removed session 71CA53EF... (remaining sessions: 9)
2026-06-17 11:20:10,605 - DEBUG    [browser_use.BrowserSession🅑 2673 🅣 [91m--[0m] [SessionManager] Session detached: target=D0C25E6E... session=6192B6B2... (remaining=0)
2026-06-17 11:20:10,605 - DEBUG    [browser_use.BrowserSession🅑 2673 🅣 [91m--[0m] [SessionManager] No sessions remain for target D0C25E6E..., removing target
2026-06-17 11:20:10,605 - DEBUG    [browser_use.BrowserSession🅑 2673 🅣 [91m--[0m] [SessionManager] Removed target D0C25E6E... (remaining targets: 4)
2026-06-17 11:20:10,605 - DEBUG    [browser_use.BrowserSession🅑 2673 🅣 [91m--[0m] [SessionManager] Removed session 6192B6B2... (remaining sessions: 8)
2026-06-17 11:20:10,605 - DEBUG    [browser_use.BrowserSession🅑 2673 🅣 [91m--[0m] [SessionManager] Target D0C25E6E... fully removed (type=worker) - not dispatching TabClosedEvent
2026-06-17 11:20:11,773 - DEBUG    [browser_use.BrowserSession🅑 2673 🅣 [91m--[0m] [SessionManager] Session detached: target=DA6D475D... session=02C9DDAC... (remaining=1)
2026-06-17 11:20:11,773 - DEBUG    [browser_use.BrowserSession🅑 2673 🅣 [91m--[0m] [SessionManager] Removed session 02C9DDAC... (remaining sessions: 7)
2026-06-17 11:20:11,773 - DEBUG    [browser_use.BrowserSession🅑 2673 🅣 [91m--[0m] [SessionManager] Session detached: target=DA6D475D... session=4FC9F08A... (remaining=0)
2026-06-17 11:20:11,773 - DEBUG    [browser_use.BrowserSession🅑 2673 🅣 [91m--[0m] [SessionManager] No sessions remain for target DA6D475D..., removing target
2026-06-17 11:20:11,773 - DEBUG    [browser_use.BrowserSession🅑 2673 🅣 [91m--[0m] [SessionManager] Removed target DA6D475D... (remaining targets: 3)
2026-06-17 11:20:11,773 - DEBUG    [browser_use.BrowserSession🅑 2673 🅣 [91m--[0m] [SessionManager] Removed session 4FC9F08A... (remaining sessions: 6)
2026-06-17 11:20:11,773 - DEBUG    [browser_use.BrowserSession🅑 2673 🅣 [91m--[0m] [SessionManager] Target DA6D475D... fully removed (type=worker) - not dispatching TabClosedEvent
2026-06-17 11:20:12,079 - DEBUG    [browser_use.BrowserSession🅑 2673 🅣 [91m--[0m] [SessionManager] Target attached: 5078B5E3... (session=6363E977..., type=worker, waitingForDebugger=False)
2026-06-17 11:20:12,079 - DEBUG    [browser_use.BrowserSession🅑 2673 🅣 [91m--[0m] [SessionManager] Target attached: 5078B5E3... (session=1A0A871E..., type=worker, waitingForDebugger=False)
2026-06-17 11:20:12,079 - DEBUG    [browser_use.BrowserSession🅑 2673 🅣 [91m--[0m] [SessionManager] Created target 5078B5E3... (type=worker)
2026-06-17 11:20:12,079 - DEBUG    [browser_use.BrowserSession🅑 2673 🅣 [91m--[0m] [SessionManager] Created session 6363E977... for target 5078B5E3... (total sessions: 7)
2026-06-17 11:20:12,080 - DEBUG    [browser_use.BrowserSession🅑 2673 🅣 [91m--[0m] [SessionManager] Created session 1A0A871E... for target 5078B5E3... (total sessions: 8)
2026-06-17 11:20:13,977 - DEBUG    [browser_use.BrowserSession🅑 2673 🅣 [91m--[0m] [SessionManager] Target attached: A13F2D73... (session=BF20F0B0..., type=worker, waitingForDebugger=False)
2026-06-17 11:20:13,978 - DEBUG    [browser_use.BrowserSession🅑 2673 🅣 [91m--[0m] [SessionManager] Target attached: A13F2D73... (session=4156EEC5..., type=worker, waitingForDebugger=False)
2026-06-17 11:20:13,979 - DEBUG    [browser_use.BrowserSession🅑 2673 🅣 [91m--[0m] [SessionManager] Target attached: E03FCE54... (session=49CAFAC2..., type=worker, waitingForDebugger=False)
2026-06-17 11:20:13,980 - DEBUG    [browser_use.BrowserSession🅑 2673 🅣 [91m--[0m] [SessionManager] Target attached: E03FCE54... (session=A13F2607..., type=worker, waitingForDebugger=False)
2026-06-17 11:20:13,980 - DEBUG    [browser_use.BrowserSession🅑 2673 🅣 [91m--[0m] [SessionManager] Target attached: B41BD28A... (session=C716A93C..., type=worker, waitingForDebugger=False)
2026-06-17 11:20:13,980 - DEBUG    [browser_use.BrowserSession🅑 2673 🅣 [91m--[0m] [SessionManager] Target attached: B41BD28A... (session=92068183..., type=worker, waitingForDebugger=False)
2026-06-17 11:20:13,981 - DEBUG    [browser_use.BrowserSession🅑 2673 🅣 [91m--[0m] [SessionManager] Created target A13F2D73... (type=worker)
2026-06-17 11:20:13,981 - DEBUG    [browser_use.BrowserSession🅑 2673 🅣 [91m--[0m] [SessionManager] Created session BF20F0B0... for target A13F2D73... (total sessions: 9)
2026-06-17 11:20:13,981 - DEBUG    [browser_use.BrowserSession🅑 2673 🅣 [91m--[0m] [SessionManager] Target attached: 08B8E923... (session=C29F9474..., type=worker, waitingForDebugger=False)
2026-06-17 11:20:13,981 - DEBUG    [browser_use.BrowserSession🅑 2673 🅣 [91m--[0m] [SessionManager] Target attached: 08B8E923... (session=99F16D04..., type=worker, waitingForDebugger=False)
2026-06-17 11:20:13,981 - DEBUG    [browser_use.BrowserSession🅑 2673 🅣 [91m--[0m] [SessionManager] Created target E03FCE54... (type=worker)
2026-06-17 11:20:13,981 - DEBUG    [browser_use.BrowserSession🅑 2673 🅣 [91m--[0m] [SessionManager] Created session 49CAFAC2... for target E03FCE54... (total sessions: 10)
2026-06-17 11:20:13,982 - DEBUG    [browser_use.BrowserSession🅑 2673 🅣 [91m--[0m] [SessionManager] Created session A13F2607... for target E03FCE54... (total sessions: 11)
2026-06-17 11:20:13,982 - DEBUG    [browser_use.BrowserSession🅑 2673 🅣 [91m--[0m] [SessionManager] Created session 4156EEC5... for target A13F2D73... (total sessions: 12)
2026-06-17 11:20:13,982 - DEBUG    [browser_use.BrowserSession🅑 2673 🅣 [91m--[0m] [SessionManager] Created target B41BD28A... (type=worker)
2026-06-17 11:20:13,982 - DEBUG    [browser_use.BrowserSession🅑 2673 🅣 [91m--[0m] [SessionManager] Created session C716A93C... for target B41BD28A... (total sessions: 13)
2026-06-17 11:20:13,982 - DEBUG    [browser_use.BrowserSession🅑 2673 🅣 [91m--[0m] [SessionManager] Target attached: D9B47B92... (session=963CC4C4..., type=worker, waitingForDebugger=False)
2026-06-17 11:20:13,982 - DEBUG    [browser_use.BrowserSession🅑 2673 🅣 [91m--[0m] [SessionManager] Target attached: D9B47B92... (session=101FDE53..., type=worker, waitingForDebugger=False)
2026-06-17 11:20:13,982 - DEBUG    [browser_use.BrowserSession🅑 2673 🅣 [91m--[0m] [SessionManager] Created session 92068183... for target B41BD28A... (total sessions: 14)
2026-06-17 11:20:13,982 - DEBUG    [browser_use.BrowserSession🅑 2673 🅣 [91m--[0m] [SessionManager] Target attached: FDC3401D... (session=F8745F6A..., type=worker, waitingForDebugger=False)
2026-06-17 11:20:13,982 - DEBUG    [browser_use.BrowserSession🅑 2673 🅣 [91m--[0m] [SessionManager] Target attached: FDC3401D... (session=27CC0B00..., type=worker, waitingForDebugger=False)
2026-06-17 11:20:13,982 - DEBUG    [browser_use.BrowserSession🅑 2673 🅣 [91m--[0m] [SessionManager] Target attached: 03B7713E... (session=56691D3F..., type=worker, waitingForDebugger=False)
2026-06-17 11:20:13,983 - DEBUG    [browser_use.BrowserSession🅑 2673 🅣 [91m--[0m] [SessionManager] Target attached: 03B7713E... (session=FA7D0E10..., type=worker, waitingForDebugger=False)
2026-06-17 11:20:13,983 - DEBUG    [browser_use.BrowserSession🅑 2673 🅣 [91m--[0m] [SessionManager] Created target 08B8E923... (type=worker)
2026-06-17 11:20:13,983 - DEBUG    [browser_use.BrowserSession🅑 2673 🅣 [91m--[0m] [SessionManager] Created session C29F9474... for target 08B8E923... (total sessions: 15)
2026-06-17 11:20:13,983 - DEBUG    [browser_use.BrowserSession🅑 2673 🅣 [91m--[0m] [SessionManager] Target attached: 54625B9E... (session=4D5492F2..., type=worker, waitingForDebugger=False)
2026-06-17 11:20:13,983 - DEBUG    [browser_use.BrowserSession🅑 2673 🅣 [91m--[0m] [SessionManager] Target attached: 54625B9E... (session=8CD8EC53..., type=worker, waitingForDebugger=False)
2026-06-17 11:20:13,983 - DEBUG    [browser_use.BrowserSession🅑 2673 🅣 [91m--[0m] [SessionManager] Created target D9B47B92... (type=worker)
2026-06-17 11:20:13,983 - DEBUG    [browser_use.BrowserSession🅑 2673 🅣 [91m--[0m] [SessionManager] Created session 963CC4C4... for target D9B47B92... (total sessions: 16)
2026-06-17 11:20:13,983 - DEBUG    [browser_use.BrowserSession🅑 2673 🅣 [91m--[0m] [SessionManager] Created target FDC3401D... (type=worker)
2026-06-17 11:20:13,983 - DEBUG    [browser_use.BrowserSession🅑 2673 🅣 [91m--[0m] [SessionManager] Created session F8745F6A... for target FDC3401D... (total sessions: 17)
2026-06-17 11:20:13,984 - DEBUG    [browser_use.BrowserSession🅑 2673 🅣 [91m--[0m] [SessionManager] Created target 03B7713E... (type=worker)
2026-06-17 11:20:13,984 - DEBUG    [browser_use.BrowserSession🅑 2673 🅣 [91m--[0m] [SessionManager] Created session 56691D3F... for target 03B7713E... (total sessions: 18)
2026-06-17 11:20:13,984 - DEBUG    [browser_use.BrowserSession🅑 2673 🅣 [91m--[0m] [SessionManager] Created session 99F16D04... for target 08B8E923... (total sessions: 19)
2026-06-17 11:20:13,984 - DEBUG    [browser_use.BrowserSession🅑 2673 🅣 [91m--[0m] [SessionManager] Created target 54625B9E... (type=worker)
2026-06-17 11:20:13,984 - DEBUG    [browser_use.BrowserSession🅑 2673 🅣 [91m--[0m] [SessionManager] Created session 4D5492F2... for target 54625B9E... (total sessions: 20)
2026-06-17 11:20:13,984 - DEBUG    [browser_use.BrowserSession🅑 2673 🅣 [91m--[0m] [SessionManager] Target attached: 9506F88D... (session=9DE58688..., type=worker, waitingForDebugger=False)
2026-06-17 11:20:13,984 - DEBUG    [browser_use.BrowserSession🅑 2673 🅣 [91m--[0m] [SessionManager] Target attached: 9506F88D... (session=83727736..., type=worker, waitingForDebugger=False)
2026-06-17 11:20:13,984 - DEBUG    [browser_use.BrowserSession🅑 2673 🅣 [91m--[0m] [SessionManager] Created session 101FDE53... for target D9B47B92... (total sessions: 21)
2026-06-17 11:20:13,984 - DEBUG    [browser_use.BrowserSession🅑 2673 🅣 [91m--[0m] [SessionManager] Created target 9506F88D... (type=worker)
2026-06-17 11:20:13,985 - DEBUG    [browser_use.BrowserSession🅑 2673 🅣 [91m--[0m] [SessionManager] Created session 9DE58688... for target 9506F88D... (total sessions: 22)
2026-06-17 11:20:13,985 - DEBUG    [browser_use.BrowserSession🅑 2673 🅣 [91m--[0m] [SessionManager] Created session 27CC0B00... for target FDC3401D... (total sessions: 23)
2026-06-17 11:20:13,986 - DEBUG    [browser_use.BrowserSession🅑 2673 🅣 [91m--[0m] [SessionManager] Target attached: 1DB7C190... (session=B00CC30A..., type=worker, waitingForDebugger=False)
2026-06-17 11:20:13,986 - DEBUG    [browser_use.BrowserSession🅑 2673 🅣 [91m--[0m] [SessionManager] Target attached: 1DB7C190... (session=E61EBACD..., type=worker, waitingForDebugger=False)
2026-06-17 11:20:13,987 - DEBUG    [browser_use.BrowserSession🅑 2673 🅣 [91m--[0m] [SessionManager] Target attached: 483D5D7A... (session=22B30DDB..., type=worker, waitingForDebugger=False)
2026-06-17 11:20:13,987 - DEBUG    [browser_use.BrowserSession🅑 2673 🅣 [91m--[0m] [SessionManager] Target attached: 483D5D7A... (session=8C152017..., type=worker, waitingForDebugger=False)
2026-06-17 11:20:13,987 - DEBUG    [browser_use.BrowserSession🅑 2673 🅣 [91m--[0m] [SessionManager] Created session FA7D0E10... for target 03B7713E... (total sessions: 24)
2026-06-17 11:20:13,987 - DEBUG    [browser_use.BrowserSession🅑 2673 🅣 [91m--[0m] [SessionManager] Created target 1DB7C190... (type=worker)
2026-06-17 11:20:13,987 - DEBUG    [browser_use.BrowserSession🅑 2673 🅣 [91m--[0m] [SessionManager] Created session B00CC30A... for target 1DB7C190... (total sessions: 25)
2026-06-17 11:20:13,987 - DEBUG    [browser_use.BrowserSession🅑 2673 🅣 [91m--[0m] [SessionManager] Created session 8CD8EC53... for target 54625B9E... (total sessions: 26)
2026-06-17 11:20:13,987 - DEBUG    [browser_use.BrowserSession🅑 2673 🅣 [91m--[0m] [SessionManager] Target attached: 500EAFB6... (session=EA12FE0C..., type=worker, waitingForDebugger=False)
2026-06-17 11:20:13,987 - DEBUG    [browser_use.BrowserSession🅑 2673 🅣 [91m--[0m] [SessionManager] Target attached: 500EAFB6... (session=F29FF2D4..., type=worker, waitingForDebugger=False)
2026-06-17 11:20:13,988 - DEBUG    [browser_use.BrowserSession🅑 2673 🅣 [91m--[0m] [SessionManager] Created target 483D5D7A... (type=worker)
2026-06-17 11:20:13,988 - DEBUG    [browser_use.BrowserSession🅑 2673 🅣 [91m--[0m] [SessionManager] Created session 22B30DDB... for target 483D5D7A... (total sessions: 27)
2026-06-17 11:20:13,988 - DEBUG    [browser_use.BrowserSession🅑 2673 🅣 [91m--[0m] [SessionManager] Target attached: 5AA63FA5... (session=06D8C1F1..., type=worker, waitingForDebugger=False)
2026-06-17 11:20:13,988 - DEBUG    [browser_use.BrowserSession🅑 2673 🅣 [91m--[0m] [SessionManager] Target attached: 5AA63FA5... (session=D9410432..., type=worker, waitingForDebugger=False)
2026-06-17 11:20:13,988 - DEBUG    [browser_use.BrowserSession🅑 2673 🅣 [91m--[0m] [SessionManager] Created target 500EAFB6... (type=worker)
2026-06-17 11:20:13,988 - DEBUG    [browser_use.BrowserSession🅑 2673 🅣 [91m--[0m] [SessionManager] Created session EA12FE0C... for target 500EAFB6... (total sessions: 28)
2026-06-17 11:20:13,988 - DEBUG    [browser_use.BrowserSession🅑 2673 🅣 [91m--[0m] [SessionManager] Created session 83727736... for target 9506F88D... (total sessions: 29)
2026-06-17 11:20:13,988 - DEBUG    [browser_use.BrowserSession🅑 2673 🅣 [91m--[0m] [SessionManager] Created target 5AA63FA5... (type=worker)
2026-06-17 11:20:13,988 - DEBUG    [browser_use.BrowserSession🅑 2673 🅣 [91m--[0m] [SessionManager] Created session 06D8C1F1... for target 5AA63FA5... (total sessions: 30)
2026-06-17 11:20:13,989 - DEBUG    [browser_use.BrowserSession🅑 2673 🅣 [91m--[0m] [SessionManager] Target attached: 3DC091F3... (session=2F059AAF..., type=worker, waitingForDebugger=False)
2026-06-17 11:20:13,989 - DEBUG    [browser_use.BrowserSession🅑 2673 🅣 [91m--[0m] [SessionManager] Target attached: 3DC091F3... (session=D5F510DF..., type=worker, waitingForDebugger=False)
2026-06-17 11:20:13,989 - DEBUG    [browser_use.BrowserSession🅑 2673 🅣 [91m--[0m] [SessionManager] Created session E61EBACD... for target 1DB7C190... (total sessions: 31)
2026-06-17 11:20:13,990 - DEBUG    [browser_use.BrowserSession🅑 2673 🅣 [91m--[0m] [SessionManager] Target attached: 567BAF2D... (session=404F86F5..., type=worker, waitingForDebugger=False)
2026-06-17 11:20:13,992 - DEBUG    [browser_use.BrowserSession🅑 2673 🅣 [91m--[0m] [SessionManager] Target attached: 567BAF2D... (session=1B4E4584..., type=worker, waitingForDebugger=False)
2026-06-17 11:20:13,993 - DEBUG    [browser_use.BrowserSession🅑 2673 🅣 [91m--[0m] [SessionManager] Created target 3DC091F3... (type=worker)
2026-06-17 11:20:13,993 - DEBUG    [browser_use.BrowserSession🅑 2673 🅣 [91m--[0m] [SessionManager] Created session 2F059AAF... for target 3DC091F3... (total sessions: 32)
2026-06-17 11:20:13,993 - DEBUG    [browser_use.BrowserSession🅑 2673 🅣 [91m--[0m] [SessionManager] Created session 8C152017... for target 483D5D7A... (total sessions: 33)
2026-06-17 11:20:13,994 - DEBUG    [browser_use.BrowserSession🅑 2673 🅣 [91m--[0m] [SessionManager] Created session D9410432... for target 5AA63FA5... (total sessions: 34)
2026-06-17 11:20:13,994 - DEBUG    [browser_use.BrowserSession🅑 2673 🅣 [91m--[0m] [SessionManager] Created session D5F510DF... for target 3DC091F3... (total sessions: 35)
2026-06-17 11:20:13,994 - DEBUG    [browser_use.BrowserSession🅑 2673 🅣 [91m--[0m] [SessionManager] Created session F29FF2D4... for target 500EAFB6... (total sessions: 36)
2026-06-17 11:20:13,995 - DEBUG    [browser_use.BrowserSession🅑 2673 🅣 [91m--[0m] [SessionManager] Created target 567BAF2D... (type=worker)
2026-06-17 11:20:13,995 - DEBUG    [browser_use.BrowserSession🅑 2673 🅣 [91m--[0m] [SessionManager] Created session 404F86F5... for target 567BAF2D... (total sessions: 37)
2026-06-17 11:20:13,995 - DEBUG    [browser_use.BrowserSession🅑 2673 🅣 [91m--[0m] [SessionManager] Session detached: target=E03FCE54... session=49CAFAC2... (remaining=1)
2026-06-17 11:20:13,995 - DEBUG    [browser_use.BrowserSession🅑 2673 🅣 [91m--[0m] [SessionManager] Removed session 49CAFAC2... (remaining sessions: 36)
2026-06-17 11:20:13,995 - DEBUG    [browser_use.BrowserSession🅑 2673 🅣 [91m--[0m] [SessionManager] Session detached: target=E03FCE54... session=A13F2607... (remaining=0)
2026-06-17 11:20:13,995 - DEBUG    [browser_use.BrowserSession🅑 2673 🅣 [91m--[0m] [SessionManager] No sessions remain for target E03FCE54..., removing target
2026-06-17 11:20:13,996 - DEBUG    [browser_use.BrowserSession🅑 2673 🅣 [91m--[0m] [SessionManager] Removed target E03FCE54... (remaining targets: 18)
2026-06-17 11:20:13,996 - DEBUG    [browser_use.BrowserSession🅑 2673 🅣 [91m--[0m] [SessionManager] Removed session A13F2607... (remaining sessions: 35)
2026-06-17 11:20:13,996 - DEBUG    [browser_use.BrowserSession🅑 2673 🅣 [91m--[0m] [SessionManager] Target E03FCE54... fully removed (type=worker) - not dispatching TabClosedEvent
2026-06-17 11:20:13,997 - DEBUG    [browser_use.BrowserSession🅑 2673 🅣 [91m--[0m] [SessionManager] Created session 1B4E4584... for target 567BAF2D... (total sessions: 36)
2026-06-17 11:20:13,997 - DEBUG    [browser_use.BrowserSession🅑 2673 🅣 [91m--[0m] [SessionManager] Session detached: target=567BAF2D... session=404F86F5... (remaining=1)
2026-06-17 11:20:13,997 - DEBUG    [browser_use.BrowserSession🅑 2673 🅣 [91m--[0m] [SessionManager] Removed session 404F86F5... (remaining sessions: 35)
2026-06-17 11:20:13,997 - DEBUG    [browser_use.BrowserSession🅑 2673 🅣 [91m--[0m] [SessionManager] Session detached: target=567BAF2D... session=1B4E4584... (remaining=0)
2026-06-17 11:20:13,997 - DEBUG    [browser_use.BrowserSession🅑 2673 🅣 [91m--[0m] [SessionManager] No sessions remain for target 567BAF2D..., removing target
2026-06-17 11:20:13,997 - DEBUG    [browser_use.BrowserSession🅑 2673 🅣 [91m--[0m] [SessionManager] Removed target 567BAF2D... (remaining targets: 17)
2026-06-17 11:20:13,997 - DEBUG    [browser_use.BrowserSession🅑 2673 🅣 [91m--[0m] [SessionManager] Removed session 1B4E4584... (remaining sessions: 34)
2026-06-17 11:20:13,997 - DEBUG    [browser_use.BrowserSession🅑 2673 🅣 [91m--[0m] [SessionManager] Target 567BAF2D... fully removed (type=worker) - not dispatching TabClosedEvent
2026-06-17 11:20:13,998 - DEBUG    [browser_use.BrowserSession🅑 2673 🅣 [91m--[0m] [SessionManager] Session detached: target=A13F2D73... session=BF20F0B0... (remaining=1)
2026-06-17 11:20:13,998 - DEBUG    [browser_use.BrowserSession🅑 2673 🅣 [91m--[0m] [SessionManager] Removed session BF20F0B0... (remaining sessions: 33)
2026-06-17 11:20:13,998 - DEBUG    [browser_use.BrowserSession🅑 2673 🅣 [91m--[0m] [SessionManager] Session detached: target=A13F2D73... session=4156EEC5... (remaining=0)
2026-06-17 11:20:13,998 - DEBUG    [browser_use.BrowserSession🅑 2673 🅣 [91m--[0m] [SessionManager] No sessions remain for target A13F2D73..., removing target
2026-06-17 11:20:13,998 - DEBUG    [browser_use.BrowserSession🅑 2673 🅣 [91m--[0m] [SessionManager] Removed target A13F2D73... (remaining targets: 16)
2026-06-17 11:20:13,998 - DEBUG    [browser_use.BrowserSession🅑 2673 🅣 [91m--[0m] [SessionManager] Removed session 4156EEC5... (remaining sessions: 32)
2026-06-17 11:20:13,998 - DEBUG    [browser_use.BrowserSession🅑 2673 🅣 [91m--[0m] [SessionManager] Target A13F2D73... fully removed (type=worker) - not dispatching TabClosedEvent
2026-06-17 11:20:13,999 - DEBUG    [browser_use.BrowserSession🅑 2673 🅣 [91m--[0m] [SessionManager] Session detached: target=B41BD28A... session=C716A93C... (remaining=1)
2026-06-17 11:20:13,999 - DEBUG    [browser_use.BrowserSession🅑 2673 🅣 [91m--[0m] [SessionManager] Removed session C716A93C... (remaining sessions: 31)
2026-06-17 11:20:13,999 - DEBUG    [browser_use.BrowserSession🅑 2673 🅣 [91m--[0m] [SessionManager] Session detached: target=B41BD28A... session=92068183... (remaining=0)
2026-06-17 11:20:13,999 - DEBUG    [browser_use.BrowserSession🅑 2673 🅣 [91m--[0m] [SessionManager] No sessions remain for target B41BD28A..., removing target
2026-06-17 11:20:13,999 - DEBUG    [browser_use.BrowserSession🅑 2673 🅣 [91m--[0m] [SessionManager] Removed target B41BD28A... (remaining targets: 15)
2026-06-17 11:20:13,999 - DEBUG    [browser_use.BrowserSession🅑 2673 🅣 [91m--[0m] [SessionManager] Removed session 92068183... (remaining sessions: 30)
2026-06-17 11:20:13,999 - DEBUG    [browser_use.BrowserSession🅑 2673 🅣 [91m--[0m] [SessionManager] Target B41BD28A... fully removed (type=worker) - not dispatching TabClosedEvent
2026-06-17 11:20:13,999 - DEBUG    [browser_use.BrowserSession🅑 2673 🅣 [91m--[0m] [SessionManager] Session detached: target=FDC3401D... session=F8745F6A... (remaining=1)
2026-06-17 11:20:13,999 - DEBUG    [browser_use.BrowserSession🅑 2673 🅣 [91m--[0m] [SessionManager] Removed session F8745F6A... (remaining sessions: 29)
2026-06-17 11:20:13,999 - DEBUG    [browser_use.BrowserSession🅑 2673 🅣 [91m--[0m] [SessionManager] Session detached: target=FDC3401D... session=27CC0B00... (remaining=0)
2026-06-17 11:20:13,999 - DEBUG    [browser_use.BrowserSession🅑 2673 🅣 [91m--[0m] [SessionManager] No sessions remain for target FDC3401D..., removing target
2026-06-17 11:20:13,999 - DEBUG    [browser_use.BrowserSession🅑 2673 🅣 [91m--[0m] [SessionManager] Removed target FDC3401D... (remaining targets: 14)
2026-06-17 11:20:13,999 - DEBUG    [browser_use.BrowserSession🅑 2673 🅣 [91m--[0m] [SessionManager] Removed session 27CC0B00... (remaining sessions: 28)
2026-06-17 11:20:13,999 - DEBUG    [browser_use.BrowserSession🅑 2673 🅣 [91m--[0m] [SessionManager] Target FDC3401D... fully removed (type=worker) - not dispatching TabClosedEvent
2026-06-17 11:20:14,000 - DEBUG    [browser_use.BrowserSession🅑 2673 🅣 [91m--[0m] [SessionManager] Session detached: target=08B8E923... session=C29F9474... (remaining=1)
2026-06-17 11:20:14,000 - DEBUG    [browser_use.BrowserSession🅑 2673 🅣 [91m--[0m] [SessionManager] Removed session C29F9474... (remaining sessions: 27)
2026-06-17 11:20:14,000 - DEBUG    [browser_use.BrowserSession🅑 2673 🅣 [91m--[0m] [SessionManager] Session detached: target=08B8E923... session=99F16D04... (remaining=0)
2026-06-17 11:20:14,000 - DEBUG    [browser_use.BrowserSession🅑 2673 🅣 [91m--[0m] [SessionManager] No sessions remain for target 08B8E923..., removing target
2026-06-17 11:20:14,000 - DEBUG    [browser_use.BrowserSession🅑 2673 🅣 [91m--[0m] [SessionManager] Removed target 08B8E923... (remaining targets: 13)
2026-06-17 11:20:14,000 - DEBUG    [browser_use.BrowserSession🅑 2673 🅣 [91m--[0m] [SessionManager] Removed session 99F16D04... (remaining sessions: 26)
2026-06-17 11:20:14,000 - DEBUG    [browser_use.BrowserSession🅑 2673 🅣 [91m--[0m] [SessionManager] Target 08B8E923... fully removed (type=worker) - not dispatching TabClosedEvent
2026-06-17 11:20:14,000 - DEBUG    [browser_use.BrowserSession🅑 2673 🅣 [91m--[0m] [SessionManager] Session detached: target=54625B9E... session=4D5492F2... (remaining=1)
2026-06-17 11:20:14,000 - DEBUG    [browser_use.BrowserSession🅑 2673 🅣 [91m--[0m] [SessionManager] Removed session 4D5492F2... (remaining sessions: 25)
2026-06-17 11:20:14,000 - DEBUG    [browser_use.BrowserSession🅑 2673 🅣 [91m--[0m] [SessionManager] Session detached: target=54625B9E... session=8CD8EC53... (remaining=0)
2026-06-17 11:20:14,000 - DEBUG    [browser_use.BrowserSession🅑 2673 🅣 [91m--[0m] [SessionManager] No sessions remain for target 54625B9E..., removing target
2026-06-17 11:20:14,000 - DEBUG    [browser_use.BrowserSession🅑 2673 🅣 [91m--[0m] [SessionManager] Removed target 54625B9E... (remaining targets: 12)
2026-06-17 11:20:14,001 - DEBUG    [browser_use.BrowserSession🅑 2673 🅣 [91m--[0m] [SessionManager] Removed session 8CD8EC53... (remaining sessions: 24)
2026-06-17 11:20:14,001 - DEBUG    [browser_use.BrowserSession🅑 2673 🅣 [91m--[0m] [SessionManager] Target 54625B9E... fully removed (type=worker) - not dispatching TabClosedEvent
2026-06-17 11:20:14,001 - DEBUG    [browser_use.BrowserSession🅑 2673 🅣 [91m--[0m] [SessionManager] Session detached: target=03B7713E... session=56691D3F... (remaining=1)
2026-06-17 11:20:14,001 - DEBUG    [browser_use.BrowserSession🅑 2673 🅣 [91m--[0m] [SessionManager] Removed session 56691D3F... (remaining sessions: 23)
2026-06-17 11:20:14,001 - DEBUG    [browser_use.BrowserSession🅑 2673 🅣 [91m--[0m] [SessionManager] Session detached: target=03B7713E... session=FA7D0E10... (remaining=0)
2026-06-17 11:20:14,001 - DEBUG    [browser_use.BrowserSession🅑 2673 🅣 [91m--[0m] [SessionManager] No sessions remain for target 03B7713E..., removing target
2026-06-17 11:20:14,001 - DEBUG    [browser_use.BrowserSession🅑 2673 🅣 [91m--[0m] [SessionManager] Removed target 03B7713E... (remaining targets: 11)
2026-06-17 11:20:14,001 - DEBUG    [browser_use.BrowserSession🅑 2673 🅣 [91m--[0m] [SessionManager] Removed session FA7D0E10... (remaining sessions: 22)
2026-06-17 11:20:14,001 - DEBUG    [browser_use.BrowserSession🅑 2673 🅣 [91m--[0m] [SessionManager] Target 03B7713E... fully removed (type=worker) - not dispatching TabClosedEvent
2026-06-17 11:20:14,001 - DEBUG    [browser_use.BrowserSession🅑 2673 🅣 [91m--[0m] [SessionManager] Session detached: target=D9B47B92... session=963CC4C4... (remaining=1)
2026-06-17 11:20:14,001 - DEBUG    [browser_use.BrowserSession🅑 2673 🅣 [91m--[0m] [SessionManager] Removed session 963CC4C4... (remaining sessions: 21)
2026-06-17 11:20:14,001 - DEBUG    [browser_use.BrowserSession🅑 2673 🅣 [91m--[0m] [SessionManager] Session detached: target=D9B47B92... session=101FDE53... (remaining=0)
2026-06-17 11:20:14,001 - DEBUG    [browser_use.BrowserSession🅑 2673 🅣 [91m--[0m] [SessionManager] No sessions remain for target D9B47B92..., removing target
2026-06-17 11:20:14,001 - DEBUG    [browser_use.BrowserSession🅑 2673 🅣 [91m--[0m] [SessionManager] Removed target D9B47B92... (remaining targets: 10)
2026-06-17 11:20:14,001 - DEBUG    [browser_use.BrowserSession🅑 2673 🅣 [91m--[0m] [SessionManager] Removed session 101FDE53... (remaining sessions: 20)
2026-06-17 11:20:14,001 - DEBUG    [browser_use.BrowserSession🅑 2673 🅣 [91m--[0m] [SessionManager] Target D9B47B92... fully removed (type=worker) - not dispatching TabClosedEvent
2026-06-17 11:20:14,001 - DEBUG    [browser_use.BrowserSession🅑 2673 🅣 [91m--[0m] [SessionManager] Session detached: target=5AA63FA5... session=06D8C1F1... (remaining=1)
2026-06-17 11:20:14,001 - DEBUG    [browser_use.BrowserSession🅑 2673 🅣 [91m--[0m] [SessionManager] Removed session 06D8C1F1... (remaining sessions: 19)
2026-06-17 11:20:14,001 - DEBUG    [browser_use.BrowserSession🅑 2673 🅣 [91m--[0m] [SessionManager] Session detached: target=5AA63FA5... session=D9410432... (remaining=0)
2026-06-17 11:20:14,001 - DEBUG    [browser_use.BrowserSession🅑 2673 🅣 [91m--[0m] [SessionManager] No sessions remain for target 5AA63FA5..., removing target
2026-06-17 11:20:14,001 - DEBUG    [browser_use.BrowserSession🅑 2673 🅣 [91m--[0m] [SessionManager] Removed target 5AA63FA5... (remaining targets: 9)
2026-06-17 11:20:14,001 - DEBUG    [browser_use.BrowserSession🅑 2673 🅣 [91m--[0m] [SessionManager] Removed session D9410432... (remaining sessions: 18)
2026-06-17 11:20:14,001 - DEBUG    [browser_use.BrowserSession🅑 2673 🅣 [91m--[0m] [SessionManager] Target 5AA63FA5... fully removed (type=worker) - not dispatching TabClosedEvent
2026-06-17 11:20:14,001 - DEBUG    [browser_use.BrowserSession🅑 2673 🅣 [91m--[0m] [SessionManager] Session detached: target=3DC091F3... session=2F059AAF... (remaining=1)
2026-06-17 11:20:14,001 - DEBUG    [browser_use.BrowserSession🅑 2673 🅣 [91m--[0m] [SessionManager] Removed session 2F059AAF... (remaining sessions: 17)
2026-06-17 11:20:14,001 - DEBUG    [browser_use.BrowserSession🅑 2673 🅣 [91m--[0m] [SessionManager] Session detached: target=3DC091F3... session=D5F510DF... (remaining=0)
2026-06-17 11:20:14,001 - DEBUG    [browser_use.BrowserSession🅑 2673 🅣 [91m--[0m] [SessionManager] No sessions remain for target 3DC091F3..., removing target
2026-06-17 11:20:14,001 - DEBUG    [browser_use.BrowserSession🅑 2673 🅣 [91m--[0m] [SessionManager] Removed target 3DC091F3... (remaining targets: 8)
2026-06-17 11:20:14,001 - DEBUG    [browser_use.BrowserSession🅑 2673 🅣 [91m--[0m] [SessionManager] Removed session D5F510DF... (remaining sessions: 16)
2026-06-17 11:20:14,001 - DEBUG    [browser_use.BrowserSession🅑 2673 🅣 [91m--[0m] [SessionManager] Target 3DC091F3... fully removed (type=worker) - not dispatching TabClosedEvent
2026-06-17 11:20:14,002 - DEBUG    [browser_use.BrowserSession🅑 2673 🅣 [91m--[0m] [SessionManager] Session detached: target=9506F88D... session=9DE58688... (remaining=1)
2026-06-17 11:20:14,002 - DEBUG    [browser_use.BrowserSession🅑 2673 🅣 [91m--[0m] [SessionManager] Removed session 9DE58688... (remaining sessions: 15)
2026-06-17 11:20:14,002 - DEBUG    [browser_use.BrowserSession🅑 2673 🅣 [91m--[0m] [SessionManager] Session detached: target=9506F88D... session=83727736... (remaining=0)
2026-06-17 11:20:14,002 - DEBUG    [browser_use.BrowserSession🅑 2673 🅣 [91m--[0m] [SessionManager] No sessions remain for target 9506F88D..., removing target
2026-06-17 11:20:14,002 - DEBUG    [browser_use.BrowserSession🅑 2673 🅣 [91m--[0m] [SessionManager] Removed target 9506F88D... (remaining targets: 7)
2026-06-17 11:20:14,002 - DEBUG    [browser_use.BrowserSession🅑 2673 🅣 [91m--[0m] [SessionManager] Removed session 83727736... (remaining sessions: 14)
2026-06-17 11:20:14,002 - DEBUG    [browser_use.BrowserSession🅑 2673 🅣 [91m--[0m] [SessionManager] Target 9506F88D... fully removed (type=worker) - not dispatching TabClosedEvent
2026-06-17 11:20:14,002 - DEBUG    [browser_use.BrowserSession🅑 2673 🅣 [91m--[0m] [SessionManager] Session detached: target=1DB7C190... session=B00CC30A... (remaining=1)
2026-06-17 11:20:14,002 - DEBUG    [browser_use.BrowserSession🅑 2673 🅣 [91m--[0m] [SessionManager] Removed session B00CC30A... (remaining sessions: 13)
2026-06-17 11:20:14,002 - DEBUG    [browser_use.BrowserSession🅑 2673 🅣 [91m--[0m] [SessionManager] Session detached: target=1DB7C190... session=E61EBACD... (remaining=0)
2026-06-17 11:20:14,002 - DEBUG    [browser_use.BrowserSession🅑 2673 🅣 [91m--[0m] [SessionManager] No sessions remain for target 1DB7C190..., removing target
2026-06-17 11:20:14,002 - DEBUG    [browser_use.BrowserSession🅑 2673 🅣 [91m--[0m] [SessionManager] Removed target 1DB7C190... (remaining targets: 6)
2026-06-17 11:20:14,002 - DEBUG    [browser_use.BrowserSession🅑 2673 🅣 [91m--[0m] [SessionManager] Removed session E61EBACD... (remaining sessions: 12)
2026-06-17 11:20:14,002 - DEBUG    [browser_use.BrowserSession🅑 2673 🅣 [91m--[0m] [SessionManager] Target 1DB7C190... fully removed (type=worker) - not dispatching TabClosedEvent
2026-06-17 11:20:14,002 - DEBUG    [browser_use.BrowserSession🅑 2673 🅣 [91m--[0m] [SessionManager] Session detached: target=500EAFB6... session=EA12FE0C... (remaining=1)
2026-06-17 11:20:14,002 - DEBUG    [browser_use.BrowserSession🅑 2673 🅣 [91m--[0m] [SessionManager] Removed session EA12FE0C... (remaining sessions: 11)
2026-06-17 11:20:14,002 - DEBUG    [browser_use.BrowserSession🅑 2673 🅣 [91m--[0m] [SessionManager] Session detached: target=500EAFB6... session=F29FF2D4... (remaining=0)
2026-06-17 11:20:14,002 - DEBUG    [browser_use.BrowserSession🅑 2673 🅣 [91m--[0m] [SessionManager] No sessions remain for target 500EAFB6..., removing target
2026-06-17 11:20:14,002 - DEBUG    [browser_use.BrowserSession🅑 2673 🅣 [91m--[0m] [SessionManager] Removed target 500EAFB6... (remaining targets: 5)
2026-06-17 11:20:14,002 - DEBUG    [browser_use.BrowserSession🅑 2673 🅣 [91m--[0m] [SessionManager] Removed session F29FF2D4... (remaining sessions: 10)
2026-06-17 11:20:14,002 - DEBUG    [browser_use.BrowserSession🅑 2673 🅣 [91m--[0m] [SessionManager] Target 500EAFB6... fully removed (type=worker) - not dispatching TabClosedEvent
2026-06-17 11:20:14,002 - DEBUG    [browser_use.BrowserSession🅑 2673 🅣 [91m--[0m] [SessionManager] Session detached: target=483D5D7A... session=22B30DDB... (remaining=1)
2026-06-17 11:20:14,002 - DEBUG    [browser_use.BrowserSession🅑 2673 🅣 [91m--[0m] [SessionManager] Removed session 22B30DDB... (remaining sessions: 9)
2026-06-17 11:20:14,002 - DEBUG    [browser_use.BrowserSession🅑 2673 🅣 [91m--[0m] [SessionManager] Session detached: target=483D5D7A... session=8C152017... (remaining=0)
2026-06-17 11:20:14,002 - DEBUG    [browser_use.BrowserSession🅑 2673 🅣 [91m--[0m] [SessionManager] No sessions remain for target 483D5D7A..., removing target
2026-06-17 11:20:14,002 - DEBUG    [browser_use.BrowserSession🅑 2673 🅣 [91m--[0m] [SessionManager] Removed target 483D5D7A... (remaining targets: 4)
2026-06-17 11:20:14,002 - DEBUG    [browser_use.BrowserSession🅑 2673 🅣 [91m--[0m] [SessionManager] Removed session 8C152017... (remaining sessions: 8)
2026-06-17 11:20:14,002 - DEBUG    [browser_use.BrowserSession🅑 2673 🅣 [91m--[0m] [SessionManager] Target 483D5D7A... fully removed (type=worker) - not dispatching TabClosedEvent
2026-06-17 11:20:14,002 - DEBUG    [browser_use.BrowserSession🅑 2673 🅣 [91m--[0m] [SessionManager] Session detached: target=5078B5E3... session=6363E977... (remaining=1)
2026-06-17 11:20:14,002 - DEBUG    [browser_use.BrowserSession🅑 2673 🅣 [91m--[0m] [SessionManager] Removed session 6363E977... (remaining sessions: 7)
2026-06-17 11:20:14,002 - DEBUG    [browser_use.BrowserSession🅑 2673 🅣 [91m--[0m] [SessionManager] Session detached: target=5078B5E3... session=1A0A871E... (remaining=0)
2026-06-17 11:20:14,002 - DEBUG    [browser_use.BrowserSession🅑 2673 🅣 [91m--[0m] [SessionManager] No sessions remain for target 5078B5E3..., removing target
2026-06-17 11:20:14,002 - DEBUG    [browser_use.BrowserSession🅑 2673 🅣 [91m--[0m] [SessionManager] Removed target 5078B5E3... (remaining targets: 3)
2026-06-17 11:20:14,002 - DEBUG    [browser_use.BrowserSession🅑 2673 🅣 [91m--[0m] [SessionManager] Removed session 1A0A871E... (remaining sessions: 6)
2026-06-17 11:20:14,002 - DEBUG    [browser_use.BrowserSession🅑 2673 🅣 [91m--[0m] [SessionManager] Target 5078B5E3... fully removed (type=worker) - not dispatching TabClosedEvent
2026-06-17 11:20:14,152 - DEBUG    [browser_use.BrowserSession🅑 2673 🅣 [91m--[0m] [SessionManager] Session detached: target=EAACECD6... session=6FD33051... (remaining=1)
2026-06-17 11:20:14,152 - DEBUG    [browser_use.BrowserSession🅑 2673 🅣 [91m--[0m] [SessionManager] Removed session 6FD33051... (remaining sessions: 5)
2026-06-17 11:20:14,152 - DEBUG    [browser_use.BrowserSession🅑 2673 🅣 [91m--[0m] [SessionManager] Session detached: target=EAACECD6... session=686835D7... (remaining=0)
2026-06-17 11:20:14,152 - DEBUG    [browser_use.BrowserSession🅑 2673 🅣 [91m--[0m] [SessionManager] No sessions remain for target EAACECD6..., removing target
2026-06-17 11:20:14,152 - DEBUG    [browser_use.BrowserSession🅑 2673 🅣 [91m--[0m] [SessionManager] Removed target EAACECD6... (remaining targets: 2)
2026-06-17 11:20:14,152 - DEBUG    [browser_use.BrowserSession🅑 2673 🅣 [91m--[0m] [SessionManager] Removed session 686835D7... (remaining sessions: 4)
2026-06-17 11:20:14,152 - DEBUG    [browser_use.BrowserSession🅑 2673 🅣 [91m--[0m] [SessionManager] Target EAACECD6... fully removed (type=iframe) - not dispatching TabClosedEvent
2026-06-17 11:20:14,154 - DEBUG    [browser_use.BrowserSession🅑 2673 🅣 [91m--[0m] [SessionManager] Session detached: target=48DEA4F4... session=6DC31E56... (remaining=1)
2026-06-17 11:20:14,154 - DEBUG    [browser_use.BrowserSession🅑 2673 🅣 [91m--[0m] [SessionManager] Removed session 6DC31E56... (remaining sessions: 3)
2026-06-17 11:20:14,154 - DEBUG    [browser_use.BrowserSession🅑 2673 🅣 [91m--[0m] [SessionManager] Session detached: target=48DEA4F4... session=E5A91C8A... (remaining=0)
2026-06-17 11:20:14,154 - DEBUG    [browser_use.BrowserSession🅑 2673 🅣 [91m--[0m] [SessionManager] No sessions remain for target 48DEA4F4..., removing target
2026-06-17 11:20:14,154 - DEBUG    [browser_use.BrowserSession🅑 2673 🅣 [91m--[0m] [SessionManager] Removed target 48DEA4F4... (remaining targets: 1)
2026-06-17 11:20:14,154 - DEBUG    [browser_use.BrowserSession🅑 2673 🅣 [91m--[0m] [SessionManager] Removed session E5A91C8A... (remaining sessions: 2)
2026-06-17 11:20:14,154 - DEBUG    [browser_use.BrowserSession🅑 2673 🅣 [91m--[0m] [SessionManager] Target 48DEA4F4... fully removed (type=worker) - not dispatching TabClosedEvent
2026-06-17 11:20:17,619 - DEBUG    [browser_use.BrowserSession🅑 2673 🅣 [91m--[0m] [SessionManager] Target attached: 93EE6308... (session=B0F34206..., type=worker, waitingForDebugger=False)
2026-06-17 11:20:17,619 - DEBUG    [browser_use.BrowserSession🅑 2673 🅣 [91m--[0m] [SessionManager] Target attached: 93EE6308... (session=F9D31FE2..., type=worker, waitingForDebugger=False)
2026-06-17 11:20:17,619 - DEBUG    [browser_use.BrowserSession🅑 2673 🅣 [91m--[0m] [SessionManager] Target attached: C2DD31B2... (session=CB6FE026..., type=iframe, waitingForDebugger=False)
2026-06-17 11:20:17,619 - DEBUG    [browser_use.BrowserSession🅑 2673 🅣 [91m--[0m] [SessionManager] Target attached: C2DD31B2... (session=5737D881..., type=iframe, waitingForDebugger=False)
2026-06-17 11:20:17,620 - DEBUG    [browser_use.BrowserSession🅑 2673 🅣 [91m--[0m] [SessionManager] Created target 93EE6308... (type=worker)
2026-06-17 11:20:17,620 - DEBUG    [browser_use.BrowserSession🅑 2673 🅣 [91m--[0m] [SessionManager] Created session B0F34206... for target 93EE6308... (total sessions: 3)
2026-06-17 11:20:17,620 - DEBUG    [browser_use.BrowserSession🅑 2673 🅣 [91m--[0m] [SessionManager] Created target C2DD31B2... (type=iframe)
2026-06-17 11:20:17,620 - DEBUG    [browser_use.BrowserSession🅑 2673 🅣 [91m--[0m] [SessionManager] Created session CB6FE026... for target C2DD31B2... (total sessions: 4)
2026-06-17 11:20:17,620 - DEBUG    [browser_use.BrowserSession🅑 2673 🅣 [91m--[0m] [SessionManager] Created session F9D31FE2... for target 93EE6308... (total sessions: 5)
2026-06-17 11:20:17,620 - DEBUG    [browser_use.BrowserSession🅑 2673 🅣 [91m--[0m] [SessionManager] Created session 5737D881... for target C2DD31B2... (total sessions: 6)
2026-06-17 11:20:18,526 - DEBUG    [browser_use.BrowserSession🅑 2673 🅣 [91m--[0m] [SessionManager] Target attached: 5FF58B72... (session=7A288682..., type=worker, waitingForDebugger=False)
2026-06-17 11:20:18,527 - DEBUG    [browser_use.BrowserSession🅑 2673 🅣 [91m--[0m] [SessionManager] Target attached: 5FF58B72... (session=1F5BD042..., type=worker, waitingForDebugger=False)
2026-06-17 11:20:18,527 - DEBUG    [browser_use.BrowserSession🅑 2673 🅣 [91m--[0m] [SessionManager] Created target 5FF58B72... (type=worker)
2026-06-17 11:20:18,527 - DEBUG    [browser_use.BrowserSession🅑 2673 🅣 [91m--[0m] [SessionManager] Created session 7A288682... for target 5FF58B72... (total sessions: 7)
2026-06-17 11:20:18,528 - DEBUG    [browser_use.BrowserSession🅑 2673 🅣 [91m--[0m] [SessionManager] Created session 1F5BD042... for target 5FF58B72... (total sessions: 8)
2026-06-17 11:20:19,137 - DEBUG    [browser_use.BrowserSession🅑 2673 🅣 [91m--[0m] [SessionManager] Target attached: AA574CAF... (session=14CD1F21..., type=worker, waitingForDebugger=False)
2026-06-17 11:20:19,137 - DEBUG    [browser_use.BrowserSession🅑 2673 🅣 [91m--[0m] [SessionManager] Target attached: AA574CAF... (session=69A0F046..., type=worker, waitingForDebugger=False)
2026-06-17 11:20:19,138 - DEBUG    [browser_use.BrowserSession🅑 2673 🅣 [91m--[0m] [SessionManager] Created target AA574CAF... (type=worker)
2026-06-17 11:20:19,138 - DEBUG    [browser_use.BrowserSession🅑 2673 🅣 [91m--[0m] [SessionManager] Created session 14CD1F21... for target AA574CAF... (total sessions: 9)
2026-06-17 11:20:19,139 - DEBUG    [browser_use.BrowserSession🅑 2673 🅣 [91m--[0m] [SessionManager] Created session 69A0F046... for target AA574CAF... (total sessions: 10)
2026-06-17 11:20:19,142 - DEBUG    [browser_use.BrowserSession🅑 2673 🅣 [91m--[0m] [SessionManager] Session detached: target=AA574CAF... session=14CD1F21... (remaining=1)
2026-06-17 11:20:19,142 - DEBUG    [browser_use.BrowserSession🅑 2673 🅣 [91m--[0m] [SessionManager] Removed session 14CD1F21... (remaining sessions: 9)
2026-06-17 11:20:19,142 - DEBUG    [browser_use.BrowserSession🅑 2673 🅣 [91m--[0m] [SessionManager] Session detached: target=AA574CAF... session=69A0F046... (remaining=0)
2026-06-17 11:20:19,142 - DEBUG    [browser_use.BrowserSession🅑 2673 🅣 [91m--[0m] [SessionManager] No sessions remain for target AA574CAF..., removing target
2026-06-17 11:20:19,142 - DEBUG    [browser_use.BrowserSession🅑 2673 🅣 [91m--[0m] [SessionManager] Removed target AA574CAF... (remaining targets: 4)
2026-06-17 11:20:19,142 - DEBUG    [browser_use.BrowserSession🅑 2673 🅣 [91m--[0m] [SessionManager] Removed session 69A0F046... (remaining sessions: 8)
2026-06-17 11:20:19,142 - DEBUG    [browser_use.BrowserSession🅑 2673 🅣 [91m--[0m] [SessionManager] Target AA574CAF... fully removed (type=worker) - not dispatching TabClosedEvent
2026-06-17 11:20:19,346 - DEBUG    [browser_use.BrowserSession🅑 2673 🅣 [91m--[0m] [SessionManager] Session detached: target=5FF58B72... session=7A288682... (remaining=1)
2026-06-17 11:20:19,346 - DEBUG    [browser_use.BrowserSession🅑 2673 🅣 [91m--[0m] [SessionManager] Removed session 7A288682... (remaining sessions: 7)
2026-06-17 11:20:19,346 - DEBUG    [browser_use.BrowserSession🅑 2673 🅣 [91m--[0m] [SessionManager] Session detached: target=5FF58B72... session=1F5BD042... (remaining=0)
2026-06-17 11:20:19,346 - DEBUG    [browser_use.BrowserSession🅑 2673 🅣 [91m--[0m] [SessionManager] No sessions remain for target 5FF58B72..., removing target
2026-06-17 11:20:19,346 - DEBUG    [browser_use.BrowserSession🅑 2673 🅣 [91m--[0m] [SessionManager] Removed target 5FF58B72... (remaining targets: 3)
2026-06-17 11:20:19,346 - DEBUG    [browser_use.BrowserSession🅑 2673 🅣 [91m--[0m] [SessionManager] Removed session 1F5BD042... (remaining sessions: 6)
2026-06-17 11:20:19,346 - DEBUG    [browser_use.BrowserSession🅑 2673 🅣 [91m--[0m] [SessionManager] Target 5FF58B72... fully removed (type=worker) - not dispatching TabClosedEvent
2026-06-17 11:20:19,513 - DEBUG    [browser_use.BrowserSession🅑 2673 🅣 [91m--[0m] [SessionManager] Target attached: 0C2D0263... (session=4ED72D09..., type=worker, waitingForDebugger=False)
2026-06-17 11:20:19,513 - DEBUG    [browser_use.BrowserSession🅑 2673 🅣 [91m--[0m] [SessionManager] Target attached: 0C2D0263... (session=79D46DC0..., type=worker, waitingForDebugger=False)
2026-06-17 11:20:19,513 - DEBUG    [browser_use.BrowserSession🅑 2673 🅣 [91m--[0m] [SessionManager] Created target 0C2D0263... (type=worker)
2026-06-17 11:20:19,513 - DEBUG    [browser_use.BrowserSession🅑 2673 🅣 [91m--[0m] [SessionManager] Created session 4ED72D09... for target 0C2D0263... (total sessions: 7)
2026-06-17 11:20:19,514 - DEBUG    [browser_use.BrowserSession🅑 2673 🅣 [91m--[0m] [SessionManager] Created session 79D46DC0... for target 0C2D0263... (total sessions: 8)
2026-06-17 11:20:19,728 - DEBUG    [browser_use.tools.registry.service] Excluded action "screenshot" from registry
2026-06-17 11:20:19,730 - DEBUG    [browser_use.tokens.service] LLM instance 1760074924000 (openai_qwen3.5-397b-a17b) is already registered
2026-06-17 11:20:19,731 - DEBUG    [browser_use.tokens.service] LLM instance 1760074924000 (openai_qwen3.5-397b-a17b) is already registered
2026-06-17 11:20:19,735 - DEBUG    [browser_use.Agent🅰 18a6 ⇢ 🅑 2673 🅣 58] 💾 File system path: D:\desktop\1\browser-use-main
2026-06-17 11:20:19,738 - DEBUG    [browser_use.Agent🅰 18a6 ⇢ 🅑 2673 🅣 58] 📸 Screenshot service initialized in: C:\Users\wxl53\AppData\Local\Temp\browser_use_agent_06a32127-3ba4-7cd0-8000-307fc8a518a6_1781666419/screenshots
2026-06-17 11:20:19,752 - DEBUG    [browser_use.Agent🅰 18a6 ⇢ 🅑 2673 🅣 58] Excluding URL with file extension from auto-navigation: title.txt
2026-06-17 11:20:19,752 - DEBUG    [browser_use.Agent🅰 18a6 ⇢ 🅑 2673 🅣 58] Excluding URL with file extension from auto-navigation: record.jsonl
2026-06-17 11:20:19,752 - DEBUG    [browser_use.Agent🅰 18a6 ⇢ 🅑 2673 🅣 58] Excluding URL with file extension from auto-navigation: title.txt
2026-06-17 11:20:19,752 - DEBUG    [browser_use.Agent🅰 18a6 ⇢ 🅑 2673 🅣 58] Excluding URL with file extension from auto-navigation: info.md
2026-06-17 11:20:19,752 - DEBUG    [browser_use.Agent🅰 18a6 ⇢ 🅑 2673 🅣 58] Excluding URL with file extension from auto-navigation: title.txt
2026-06-17 11:20:19,752 - DEBUG    [browser_use.Agent🅰 18a6 ⇢ 🅑 2673 🅣 58] Excluding URL with file extension from auto-navigation: record.jsonl
2026-06-17 11:20:19,752 - DEBUG    [browser_use.Agent🅰 18a6 ⇢ 🅑 2673 🅣 58] Excluding URL with file extension from auto-navigation: info.md
2026-06-17 11:20:19,752 - DEBUG    [browser_use.Agent🅰 18a6 ⇢ 🅑 2673 🅣 58] Excluding URL with file extension from auto-navigation: record.jsonl
2026-06-17 11:20:19,752 - DEBUG    [browser_use.Agent🅰 18a6 ⇢ 🅑 2673 🅣 58] Excluding URL with file extension from auto-navigation: title.txt
2026-06-17 11:20:19,752 - DEBUG    [browser_use.Agent🅰 18a6 ⇢ 🅑 2673 🅣 58] Excluding URL with file extension from auto-navigation: progress.json
2026-06-17 11:20:19,752 - DEBUG    [browser_use.Agent🅰 18a6 ⇢ 🅑 2673 🅣 58] Excluding URL with file extension from auto-navigation: progress.json
2026-06-17 11:20:19,752 - DEBUG    [browser_use.Agent🅰 18a6 ⇢ 🅑 2673 🅣 58] Excluding URL with file extension from auto-navigation: record.jsonl
2026-06-17 11:20:19,752 - DEBUG    [browser_use.Agent🅰 18a6 ⇢ 🅑 2673 🅣 58] Excluding URL with file extension from auto-navigation: info.md
2026-06-17 11:20:19,752 - DEBUG    [browser_use.Agent🅰 18a6 ⇢ 🅑 2673 🅣 58] Excluding URL with file extension from auto-navigation: title.txt
2026-06-17 11:20:19,752 - DEBUG    [browser_use.Agent🅰 18a6 ⇢ 🅑 2673 🅣 58] Excluding URL with file extension from auto-navigation: info.md
2026-06-17 11:20:19,752 - DEBUG    [browser_use.Agent🅰 18a6 ⇢ 🅑 2673 🅣 58] Excluding URL with file extension from auto-navigation: record.jsonl
2026-06-17 11:20:19,752 - DEBUG    [browser_use.Agent🅰 18a6 ⇢ 🅑 2673 🅣 58] Excluding URL with file extension from auto-navigation: title.txt
2026-06-17 11:20:19,752 - DEBUG    [browser_use.Agent🅰 18a6 ⇢ 🅑 2673 🅣 58] Excluding URL with file extension from auto-navigation: info.md
2026-06-17 11:20:19,752 - DEBUG    [browser_use.Agent🅰 18a6 ⇢ 🅑 2673 🅣 58] Excluding URL with file extension from auto-navigation: 001.jpg
2026-06-17 11:20:19,753 - DEBUG    [browser_use.Agent🅰 18a6 ⇢ 🅑 2673 🅣 58] Excluding URL with file extension from auto-navigation: title.txt
2026-06-17 11:20:19,753 - DEBUG    [browser_use.Agent🅰 18a6 ⇢ 🅑 2673 🅣 58] Excluding URL with file extension from auto-navigation: info.md
2026-06-17 11:20:19,753 - DEBUG    [browser_use.Agent🅰 18a6 ⇢ 🅑 2673 🅣 58] Excluding URL with file extension from auto-navigation: record.jsonl
2026-06-17 11:20:19,753 - DEBUG    [browser_use.Agent🅰 18a6 ⇢ 🅑 2673 🅣 58] Excluding URL with file extension from auto-navigation: progress.json
2026-06-17 11:20:19,753 - DEBUG    [browser_use.Agent🅰 18a6 ⇢ 🅑 2673 🅣 58] Excluding URL with file extension from auto-navigation: record.jsonl
2026-06-17 11:20:19,753 - DEBUG    [browser_use.Agent🅰 18a6 ⇢ 🅑 2673 🅣 58] Excluding URL with file extension from auto-navigation: title.txt
2026-06-17 11:20:19,753 - DEBUG    [browser_use.Agent🅰 18a6 ⇢ 🅑 2673 🅣 58] Excluding URL with file extension from auto-navigation: record.jsonl
2026-06-17 11:20:19,753 - DEBUG    [browser_use.Agent🅰 18a6 ⇢ 🅑 2673 🅣 58] Excluding URL with file extension from auto-navigation: title.txt
2026-06-17 11:20:19,753 - DEBUG    [browser_use.Agent🅰 18a6 ⇢ 🅑 2673 🅣 58] Excluding URL with file extension from auto-navigation: title.txt
2026-06-17 11:20:19,753 - DEBUG    [browser_use.Agent🅰 18a6 ⇢ 🅑 2673 🅣 58] Excluding URL with file extension from auto-navigation: info.md
2026-06-17 11:20:19,753 - DEBUG    [browser_use.Agent🅰 18a6 ⇢ 🅑 2673 🅣 58] Excluding URL with file extension from auto-navigation: progress.json
2026-06-17 11:20:19,753 - DEBUG    [browser_use.Agent🅰 18a6 ⇢ 🅑 2673 🅣 58] Excluding URL with file extension from auto-navigation: record.jsonl
2026-06-17 11:20:19,753 - DEBUG    [browser_use.Agent🅰 18a6 ⇢ 🅑 2673 🅣 58] Excluding URL with file extension from auto-navigation: title.txt
2026-06-17 11:20:19,753 - DEBUG    [browser_use.Agent🅰 18a6 ⇢ 🅑 2673 🅣 58] Excluding URL with file extension from auto-navigation: record.jsonl
2026-06-17 11:20:19,753 - DEBUG    [browser_use.Agent🅰 18a6 ⇢ 🅑 2673 🅣 58] Excluding URL with file extension from auto-navigation: info.md
2026-06-17 11:20:19,753 - DEBUG    [browser_use.Agent🅰 18a6 ⇢ 🅑 2673 🅣 58] Excluding URL with file extension from auto-navigation: record.jsonl
2026-06-17 11:20:19,753 - DEBUG    [browser_use.Agent🅰 18a6 ⇢ 🅑 2673 🅣 58] Excluding URL with file extension from auto-navigation: progress.json
2026-06-17 11:20:19,753 - DEBUG    [browser_use.Agent🅰 18a6 ⇢ 🅑 2673 🅣 58] Excluding URL with file extension from auto-navigation: progress.json
2026-06-17 11:20:19,753 - DEBUG    [browser_use.Agent🅰 18a6 ⇢ 🅑 2673 🅣 58] Excluding URL with file extension from auto-navigation: progress.json
2026-06-17 11:20:19,753 - DEBUG    [browser_use.Agent🅰 18a6 ⇢ 🅑 2673 🅣 58] Excluding URL with file extension from auto-navigation: record.jsonl
2026-06-17 11:20:19,753 - DEBUG    [browser_use.Agent🅰 18a6 ⇢ 🅑 2673 🅣 58] Excluding URL with file extension from auto-navigation: progress.json
2026-06-17 11:20:19,753 - DEBUG    [browser_use.Agent🅰 18a6 ⇢ 🅑 2673 🅣 58] Excluding URL with file extension from auto-navigation: progress.json
2026-06-17 11:20:19,753 - DEBUG    [browser_use.Agent🅰 18a6 ⇢ 🅑 2673 🅣 58] Excluding URL with file extension from auto-navigation: 5d30206c.jpg
2026-06-17 11:20:19,753 - DEBUG    [browser_use.Agent🅰 18a6 ⇢ 🅑 2673 🅣 58] Excluding URL with file extension from auto-navigation: title.txt
2026-06-17 11:20:19,753 - DEBUG    [browser_use.Agent🅰 18a6 ⇢ 🅑 2673 🅣 58] Excluding URL with file extension from auto-navigation: record.jsonl
2026-06-17 11:20:19,753 - DEBUG    [browser_use.Agent🅰 18a6 ⇢ 🅑 2673 🅣 58] Excluding URL with file extension from auto-navigation: info.md
2026-06-17 11:20:19,753 - DEBUG    [browser_use.Agent🅰 18a6 ⇢ 🅑 2673 🅣 58] Excluding URL with file extension from auto-navigation: record.jsonl
2026-06-17 11:20:19,754 - DEBUG    [browser_use.Agent🅰 18a6 ⇢ 🅑 2673 🅣 58] Multiple URLs found (16), skipping directly_open_url to avoid ambiguity
2026-06-17 11:20:19,754 - DEBUG    [browser_use.agent.service]  extraction_model=qwen3.5-397b-a17b +file_system
2026-06-17 11:20:20,928 - DEBUG    [browser_use.Agent🅰 18a6 ⇢ 🅑 2673 🅣 58] 📁 Initialized download tracking for agent
2026-06-17 11:20:20,928 - DEBUG    [browser_use.Agent🅰 18a6 ⇢ 🅑 2673 🅣 58] ⏳ init() took 1.20s
2026-06-17 11:20:20,928 - INFO     [Agent] [34m🎯 Task: # IDP “miao” 图片下载任务

## 任务目标

访问 **`https://idp.bl.uk/`**，搜索关键词 **`miao`**，按搜索结果顺序下载 **前 n = 5000 张与“miao / Chinese Buddhist / Buddhist in China / China-related Buddhist context”相关的有效图片** 到本地 `image` 目录，并提取每张图片对应的藏品信息。

本任务采用“下载即最终命名”逻辑：每成功保存一张图片后，工具必须立即计算图片内容 hash，用 `title + short_hash` 生成最终文件名，并立刻写入结构化记录。`title.txt` 只作为可读导出，不再作为最终重命名依据。优先调用 `download_current_idp_search_page_images` 批量处理当前 IDP 搜索结果页；只有批量工具无法处理某个单项时，才退回 `download_image_from_url`。

## 允许访问的网站

只允许访问以下官方域名及其页面内直接引用的官方图片资源：

1. `https://idp.bl.uk/`
2. `https://www.bl.uk/`
3. 页面中由 IDP / British Library 官方直接引用的图片、IIIF、缩略图或大图资源域名

不要访问非官方图片搜索引擎、社交媒体或无关外站。

## 核心原则

1. 目标是 **5000 张成功保存的有效图片**，不是 5000 次尝试。
2. 搜索关键词固定为 `miao`。
3. 按 IDP 搜索结果顺序处理，不要随机挑选。
4. 每个详情页可保存 1 张或多张可见馆藏图片；总数达到 5000 张后停止。
5. 只保存馆藏图片，不保存 logo、按钮、Cookie 横幅、导航栏、社交分享图标、页面装饰图。
6. 每成功保存一张图片后，必须立刻最终命名并记录这张图；优先用 `download_image_from_url` 自动找图、保存、hash 去重、最终命名并记录，只有图片已经通过其他方式真实落地到 `image` 目录后，才单独调用 `record_downloaded_image`。
7. `record_downloaded_image` 会计算 `content_hash` / `source_hash` / `title_hash`，把临时图片立即改为最终文件名，并自动维护 `browseruse_agent_data/image_record.jsonl`、`browseruse_agent_data/title.txt` 和 `browseruse_agent_data/temple_photo_info.md`。
8. `title.txt` 只是人工查看用的导出文件，不允许依赖它做最终重命名。
9. 不要重复处理同一详情页 URL、同一图片 URL 或同一图片内容。

## 推荐执行流程

### 阶段 1：进入 IDP 并搜索

1. 打开 `https://idp.bl.uk/`。
2. 如果出现 Cookie 横幅，点击同意或关闭。
3. 在网站搜索框中输入关键词 `miao` 并搜索。
4. 如果搜索结果支持筛选或排序，保持默认相关性排序；如果支持每页显示数量，优先选择 50 或 100。

### 阶段 2：按顺序处理搜索结果

对搜索结果页按从上到下、从左到右的顺序处理。为了效率，必须优先使用批量工具：

```text
download_current_idp_search_page_images(
  target_count=5000,
  max_items=50,
  start_index=0,
  images_per_item=1,
  file_prefix="temple",
  title_prefix="miao",
  allowed_host_suffixes=["idp.bl.uk", "data.idp.bl.uk", "bl.uk"],
  record_filename="image_record.jsonl",
  info_filename="temple_photo_info.md"
)
```

该工具会在浏览器上下文中批量提取当前页藏品 URL、解析官方 IIIF manifest、下载主图、按 title+hash 立即最终命名并写入 `image_record.jsonl` / `title.txt`，不要再对同一页逐个结果手动点击、逐张调用 LLM 决策。

批量工具会自动维护 `browseruse_agent_data/idp_progress.json`，其中包含下一次续跑应使用的 `next_page` 和 `next_index`。断点续跑时必须优先相信这个进度文件，不要仅凭最大图片序号猜测页码。

续跑必须按 `idp_progress.json` 的页码顺序递增处理；不要自行跳到 page 999、page 5000 或其他极深页。如果某一页批量工具 0 新增、manifest 大量失败或超时，应记录该页失败并进入下一页继续批量处理，不要退化为逐个点击详情页。

如果批量工具报告当前页有个别藏品失败，再对失败项按以下单项流程处理：

1. 打开第一个未处理的详情页。
2. 提取标题、详情页 URL、馆藏号、作者/制作者、年代、地点、分类、说明文字。
3. 确认页面与 `miao` 或中国佛教语境有关。只要标题、说明、地点、来源、相关寺院、英文说明中的 `China`、`Chinese`、`Buddhist`、`Buddhism`、`Buddhist temple`、`monastery`、`cave temple`、`佛教`、`佛`、`寺`、`中国` 等字段存在相关证据，即可视为相关。
4. 优先在详情页 DOM 中查找可打开的大图、IIIF 图片、viewer 图片、download image 链接或缩略图对应的大图 URL。
5. 如果详情页包含多张相关图片，按页面图片顺序逐张保存；如果只需要单张，保存主图。
6. 如果需要人工确认页面内容，可以用 `evaluate` 查询当前页面 DOM，提取页面标题、详情信息、说明文字、图片链接、viewer 中的图片 URL 和下载按钮链接。
7. 当前详情页处理完成后，返回搜索结果页，继续下一个结果。
8. 当前页处理完后，如果总保存数量仍不足 5000，必须用 `navigate_idp_search_page(keyword="miao", page=下一页, limit=50)` 跳转，不要手写搜索 URL。

## 图片保存规则

优先保存详情页或图片查看器中的最大可用图片。有效图片可能来自：

```text
IDP / British Library 官方详情页中的 img src
IIIF image URL
viewer 使用的大图 URL
download image 链接
缩略图对应的大图 URL
```

每张图片保存到项目根目录的 `image` 目录，文件名序号从 `temple_001` 开始递增到 `temple_5000`。不能手动重置到 1；必须使用当前下一安全序号，确保不会覆盖已有图片。

保存要求：

1. 如果一页有多张相关大图，按页面图片顺序保存，例如 `temple_001`、`temple_002`。
2. 优先保存原始图片字节或网站提供的大图；到达详情页或 viewer 后应直接调用 `download_image_from_url`，不要停留在图片页反复滚动。
3. `download_image_from_url` 会按学习到的顺序尝试 Python 直连、浏览器上下文 fetch、干净截图裁剪兜底；如果传入的是 IDP 详情页 URL、IIIF manifest URL 或 IIIF 大图 URL，工具会优先解析真实大图 URL 并检查是否已有记录；如果工具提示“图片 URL 已有下载记录”“图片内容已有下载记录”或“image 目录中已存在相同图片内容”，视为当前图片已处理成功，直接继续下一条。
4. 如果工具返回普通失败（包括图片文件过小、尺寸过小、像素几乎单色、非法 IDP 详情页 URL），不要反复 scroll，重试 1 次后跳过当前图片并继续下一条。
5. 不要保存缩略图；如果只能看到缩略图，优先打开详情页大图、viewer 或下载链接。
6. 不要下载 PDF、视频、音频或网页附件。
7. 不要为了达到 n 张而保存无关图片或页面截图。

## 写入结构化记录

到达详情页、viewer 或已经拿到图片 URL 后，每张图片立即调用：

```text
download_image_from_url(
  sequence=当前下一安全序号（必须确认没有被使用，不能重置为 1）,
  file_name="temple_当前序号",
  title="miao_当前序号_藏品标题_图1",
  collection_title="页面显示的藏品标题",
  page_url="当前详情页 URL",
  image_url="从 DOM、viewer、IIIF manifest、IIIF 大图或下载链接提取到的完整 URL；如果尚未提取到可留空让工具自动找图",
  evidence="标题/说明/地点/来源中与 miao 相关的证据",
  metadata="作者、时代、地点、分类、馆藏号；没有就写未显示",
  summary="图片内容和相关信息的中文简述",
  allowed_host_suffixes=["idp.bl.uk", "data.idp.bl.uk", "bl.uk"],
  record_filename="image_record.jsonl",
  info_filename="temple_photo_info.md"
)
```

只有图片已经用其他可靠方式保存到 `image` 目录时，才单独调用 `record_downloaded_image`；不要把 `record_downloaded_image` 当作下载工具，它只负责记录已存在的文件。

标题要求：

1. 一张图片只写一行标题。
2. 只有图片成功保存后才写标题。
3. 不要提前批量写标题。
4. 不要手动写 `title.txt` 或 `END`，`record_downloaded_image` 和程序收尾会自动处理。
5. 不要使用 `write_file` 记录标题，不要手动追加 `temple_photo_info.md`。
6. 标题应简短、稳定，避免方括号、引号、斜杠、冒号、问号、句号结尾等特殊字符。
7. 推荐格式：

```text
miao_001_藏品标题_图1
miao_002_藏品标题_图2
```

## 提取并保存信息

`record_downloaded_image` 会自动根据 `image_record.jsonl` 重写：

```text
title.txt
temple_photo_info.md
```

每条记录必须包含：

| 字段 | 要求 |
|---|---|
| 序号 | 与图片保存顺序一致 |
| 保存文件名 | 例如 `temple_001.jpg`，或保存工具返回的实际文件名 |
| 重命名标题 | 最终文件名使用的标题；`title.txt` 仅同步导出 |
| 藏品标题 | 页面显示的作品名 |
| 藏品 URL | 当前详情页 URL |
| 图片 URL | DOM、viewer、IIIF 或下载链接中的完整图片 URL；截图兜底时写详情页 URL |
| 相关证据 | 说明为什么判断它和关键词 `miao` 相关 |
| 作者/时代/地点/分类/馆藏号 | 页面有就记录，没有就写“未显示” |
| 简短说明 | 用中文概括图片内容和相关信息 |

不要手动维护 Markdown 表格格式；只要传入字段即可。该文件会位于 `browseruse_agent_data/temple_photo_info.md`。

## 失败和跳过规则

遇到以下情况必须跳过当前图片或当前详情页，不要卡住：

1. 页面没有可见馆藏图片。
2. 图片只显示为很小的缩略图，无法打开大图。
3. 图片保存失败，重试 1 次仍失败。
4. 同一详情页 URL、同一 manifest URL、同一图片 URL、同一图片内容或断点续跑上下文中列出的任一记录已经处理过。
5. 页面需要登录、付费或出现人机验证。
6. 页面明显与关键词 `miao` 或中国佛教语境无关。
7. 连续出现 `browser not connected`、`No valid agent focus available`、`target may have detached` 或空白 SPA 页面时，不要继续循环恢复；调用 `done` 报告需要重启浏览器会话，并保留已下载记录。
8. 当 `download_current_idp_search_page_images` 返回的错误以 `[idp_session_corrupted]`、`[idp_extract_failed]`、`[idp_empty_page]` 或 `[idp_batch_unhandled_error]` 开头，**禁止再调用批量工具、navigate_idp_search_page 之外的任何浏览器操作来"绕过"**；必须立刻调用 `finish_download_task` 结束本次会话，最终数字由 `image_record.jsonl` / `idp_progress.json` 决定。
9. **禁止"手动 fallback"**：批量工具失败后，不允许通过点击 `/collection/<id>/` 详情页链接、打开 IIIF manifest 新 tab、用 `evaluate` 扫 DOM 的方式自行下载图片。手动方式会污染浏览器上下文，反过来让批量工具持续报 JS 异常。

如果遇到人机验证，不要自动绕过，只在最终结果中报告需要人工处理。

## 明确禁止

- 默认运行模式下，IDP 搜索 + 通用下载之外的旧工具（LOC / Kyohaku 等）不会注册；如果需要启用，必须由部署者显式设置环境变量 `BROWSER_USE_ENABLE_LEGACY_TOOLS=1`。Agent 自身永远不要尝试调用这些旧工具。
- 不要在已提取到 IIIF / viewer / download image URL 后继续点击下载按钮或反复 scroll；直接调用 `download_image_from_url`。
- 不要在 IDP 搜索结果页逐个点开 50 个结果；必须先调用 `download_current_idp_search_page_images` 批量处理当前页。
- 不要因为某页重复或失败就跳到 page 999 / page 5000；只能按进度文件顺序递增页码。
- 不要手写 IDP 搜索分页 URL；必须使用 `navigate_idp_search_page`。
- 不要使用 `evaluate(code="自定义工具(...)")` 的写法调用工具。
- 不要使用 `write_file` 记录标题或信息表。
- 不要访问非官方图片搜索引擎、社交媒体或无关外站。
- 不要下载 PDF、视频、音频或网页附件。
- 不要重复下载同一张图。
- 不要为了达到 n 张而保存无关图片或页面截图。

## 完成标准

不要直接调用内置 `done`。结束任务必须调用 `finish_download_task(target_count=5000, record_filename="image_record.jsonl", title_filename="title.txt")`，它会用程序生成的确定性报告结束任务，避免最终报告出现乱码或占位符。

满足任一条件后，必须先调用 `validate_download_completion(target_count=5000, record_filename="image_record.jsonl", title_filename="title.txt")`：

1. 已成功保存 5000 张与关键词 `miao` 相关的图片，并完成 `title.txt` 与 `temple_photo_info.md`。
2. 已处理完所有搜索结果页，但不足 5000 张；报告实际保存数量、跳过原因和未完成原因。
3. 网站无法访问、数据库不可用或遇到必须人工处理的人机验证。

如果 `validate_download_completion` 显示 `Final download validation: INCOMPLETE` 且 `remaining_records_needed` 大于 0，不要结束任务，继续扫描后续搜索结果并下载新图片。只有校验报告显示 `Final download validation: SUCCESS`，或已经确认所有搜索结果处理完/网站不可继续访问，才调用 `finish_download_task`。

最终输出必须完全来自 `finish_download_task` 返回的英文 ASCII 确定性报告；不要自己估算、不要写"约 50+"、"DD+"、"4DD error" 等占位符或不合法 HTTP 状态码，不要额外扩写分析段落、玩笑、乱码、字母列表或主观总结。**特别禁止编造"Pages 2-4 (+134)、Page 8 (+45)"之类的分页分布表**：所有页号 / 张数必须来自 `idp_page_progress.json` 与 `image_record.jsonl` 真实记录，没有真实记录就不要写。

最终报告必须包含：

1. 成功保存图片数量。
2. 写入 `title.txt` 的标题数量。
3. `browseruse_agent_data/image_record.jsonl` 和 `browseruse_agent_data/temple_photo_info.md` 是否已写入。
4. 成功图片列表：序号、藏品标题、详情页 URL、保存文件名。
5. 跳过列表：关键词或 URL、跳过原因。

## 断点续跑上下文

用户选择了接着上一次断点运行。你必须把下面的记录视为已经成功下载，不能重新下载或重新记录。

- 记录文件：`D:\desktop\1\browser-use-main\Images\ImagesCache\image_record.jsonl`
- 已成功记录图片数：888
- 本地 image 目录图片数：888
- IDP 进度文件：`D:\desktop\1\browser-use-main\Images\ImagesCache\idp_progress.json`
- 建议续跑搜索页：page=21, start_index=0
- 已使用最大序号：888
- 下一张新图片必须从序号：889 开始，例如 `temple_889` / `miao_889_...`
- 程序已在 Agent 启动前按页级进度预执行第一批动作；Agent 接手后必须从最新 `idp_progress.json` 继续。
- 恢复后不要从搜索结果第 1 页重新扫描；如需继续批量处理，使用 `navigate_idp_search_page(keyword="miao", page=21, limit=50)` 和 `download_current_idp_search_page_images(..., start_index=0, ...)`。
- 必须按 `idp_page_progress.json` 同步导出的 page=21 顺序递增；不要自行跳到 page 999、page 5000 或其他极深页。
- 如果当前页批量工具 0 新增或失败，改为下一页继续批量处理；不要退化为逐个点击详情页。
- 当 `download_current_idp_search_page_images` 返回的错误以 `[idp_session_corrupted]`、`[idp_extract_failed]`、`[idp_empty_page]` 或 `[idp_batch_unhandled_error]` 开头时，立刻调用 `finish_download_task`；不要尝试手动点击 collection 详情页、IIIF manifest tab 或 evaluate 扫 DOM。
- 最终报告里的图片数和页分布只能来自 `image_record.jsonl` / `idp_progress.json` / `idp_page_progress.json` 真实记录，禁止编造。
- 按有效记录数距离目标 5000 还需要继续处理：4112 张；不要因为最大序号达到目标就提前结束，也不要回头补齐旧序号空洞
- 上一次最后记录：#888，文件 `miao_888_Khotanese manuscript fragment_5d30206c.jpg`，标题 `Khotanese manuscript fragment`，页面 `https://idp.bl.uk/collection/831C6CD17CEC4BEE820C833C865E6D13/`

续跑规则：
1. 不要清空 image 目录、title.txt、image_record.jsonl 或 temple_photo_info.md。
2. 重复判断由下载工具基于 image_record.jsonl 内存索引执行；不要要求自己记忆历史 URL，也不要回头重扫旧页。
3. 如果误点到已处理详情页，调用工具后返回“图片 URL 已有下载记录”或“详情页已处理”时，视为成功跳过并继续下一条。
4. 第一次保存新图片时传入 sequence=889，之后按安全序号递增；如果工具自动修正序号，以工具返回为准；目标以有效记录数量为准，不以文件夹文件数或最大序号为准。
[0m
2026-06-17 11:20:20,933 - DEBUG    [browser_use.Agent🅰 18a6 ⇢ 🅑 2673 🅣 58] 🤖 Browser-Use Library Version 0.11.9 (pip)
2026-06-17 11:20:21,510 - DEBUG    [browser_use.BrowserSession🅑 2673 🅣 [91m--[0m] [SessionManager] Target attached: 3B2655C7... (session=BA003044..., type=worker, waitingForDebugger=False)
2026-06-17 11:20:21,510 - DEBUG    [browser_use.BrowserSession🅑 2673 🅣 [91m--[0m] [SessionManager] Target attached: 3B2655C7... (session=EC77DC35..., type=worker, waitingForDebugger=False)
2026-06-17 11:20:21,511 - DEBUG    [browser_use.BrowserSession🅑 2673 🅣 [91m--[0m] [SessionManager] Target attached: D2D9BD6D... (session=C871EA62..., type=worker, waitingForDebugger=False)
2026-06-17 11:20:21,512 - DEBUG    [browser_use.BrowserSession🅑 2673 🅣 [91m--[0m] [SessionManager] Target attached: D2D9BD6D... (session=7D4707DD..., type=worker, waitingForDebugger=False)
2026-06-17 11:20:21,512 - DEBUG    [browser_use.BrowserSession🅑 2673 🅣 [91m--[0m] [SessionManager] Target attached: FDD71327... (session=A83285DA..., type=worker, waitingForDebugger=False)
2026-06-17 11:20:21,512 - DEBUG    [browser_use.BrowserSession🅑 2673 🅣 [91m--[0m] [SessionManager] Target attached: FDD71327... (session=7FFBD522..., type=worker, waitingForDebugger=False)
2026-06-17 11:20:21,513 - DEBUG    [browser_use.BrowserSession🅑 2673 🅣 [91m--[0m] [SessionManager] Created target 3B2655C7... (type=worker)
2026-06-17 11:20:21,513 - DEBUG    [browser_use.BrowserSession🅑 2673 🅣 [91m--[0m] [SessionManager] Created session BA003044... for target 3B2655C7... (total sessions: 9)
2026-06-17 11:20:21,513 - DEBUG    [browser_use.BrowserSession🅑 2673 🅣 [91m--[0m] [SessionManager] Target attached: D327F191... (session=8F6EDF4F..., type=worker, waitingForDebugger=False)
2026-06-17 11:20:21,513 - DEBUG    [browser_use.BrowserSession🅑 2673 🅣 [91m--[0m] [SessionManager] Target attached: D327F191... (session=D0A93209..., type=worker, waitingForDebugger=False)
2026-06-17 11:20:21,514 - DEBUG    [browser_use.BrowserSession🅑 2673 🅣 [91m--[0m] [SessionManager] Created session EC77DC35... for target 3B2655C7... (total sessions: 10)
2026-06-17 11:20:21,514 - DEBUG    [browser_use.BrowserSession🅑 2673 🅣 [91m--[0m] [SessionManager] Target attached: FB84830D... (session=706E8BFE..., type=worker, waitingForDebugger=False)
2026-06-17 11:20:21,514 - DEBUG    [browser_use.BrowserSession🅑 2673 🅣 [91m--[0m] [SessionManager] Target attached: FB84830D... (session=4C506BB2..., type=worker, waitingForDebugger=False)
2026-06-17 11:20:21,514 - DEBUG    [browser_use.BrowserSession🅑 2673 🅣 [91m--[0m] [SessionManager] Created target D2D9BD6D... (type=worker)
2026-06-17 11:20:21,514 - DEBUG    [browser_use.BrowserSession🅑 2673 🅣 [91m--[0m] [SessionManager] Created session C871EA62... for target D2D9BD6D... (total sessions: 11)
2026-06-17 11:20:21,514 - DEBUG    [browser_use.BrowserSession🅑 2673 🅣 [91m--[0m] [SessionManager] Target attached: 3DEB38CD... (session=96205E9A..., type=worker, waitingForDebugger=False)
2026-06-17 11:20:21,515 - DEBUG    [browser_use.BrowserSession🅑 2673 🅣 [91m--[0m] [SessionManager] Target attached: 3DEB38CD... (session=C8D95BA2..., type=worker, waitingForDebugger=False)
2026-06-17 11:20:21,515 - DEBUG    [browser_use.BrowserSession🅑 2673 🅣 [91m--[0m] [SessionManager] Created target FDD71327... (type=worker)
2026-06-17 11:20:21,515 - DEBUG    [browser_use.BrowserSession🅑 2673 🅣 [91m--[0m] [SessionManager] Created session A83285DA... for target FDD71327... (total sessions: 12)
2026-06-17 11:20:21,515 - DEBUG    [browser_use.BrowserSession🅑 2673 🅣 [91m--[0m] [SessionManager] Created session 7D4707DD... for target D2D9BD6D... (total sessions: 13)
2026-06-17 11:20:21,515 - DEBUG    [browser_use.BrowserSession🅑 2673 🅣 [91m--[0m] [SessionManager] Created session 7FFBD522... for target FDD71327... (total sessions: 14)
2026-06-17 11:20:21,516 - DEBUG    [browser_use.BrowserSession🅑 2673 🅣 [91m--[0m] [SessionManager] Target attached: 5599D954... (session=3097C134..., type=worker, waitingForDebugger=False)
2026-06-17 11:20:21,516 - DEBUG    [browser_use.BrowserSession🅑 2673 🅣 [91m--[0m] [SessionManager] Target attached: 5599D954... (session=92D13DBA..., type=worker, waitingForDebugger=False)
2026-06-17 11:20:21,516 - DEBUG    [browser_use.BrowserSession🅑 2673 🅣 [91m--[0m] [SessionManager] Target attached: EDB658C6... (session=2E2904DF..., type=worker, waitingForDebugger=False)
2026-06-17 11:20:21,516 - DEBUG    [browser_use.BrowserSession🅑 2673 🅣 [91m--[0m] [SessionManager] Target attached: EDB658C6... (session=7CC8CB5F..., type=worker, waitingForDebugger=False)
2026-06-17 11:20:21,516 - DEBUG    [browser_use.BrowserSession🅑 2673 🅣 [91m--[0m] [SessionManager] Target attached: 8AB6AFF8... (session=4A82A61F..., type=worker, waitingForDebugger=False)
2026-06-17 11:20:21,516 - DEBUG    [browser_use.BrowserSession🅑 2673 🅣 [91m--[0m] [SessionManager] Target attached: 8AB6AFF8... (session=BB8DFAE8..., type=worker, waitingForDebugger=False)
2026-06-17 11:20:21,516 - DEBUG    [browser_use.BrowserSession🅑 2673 🅣 [91m--[0m] [SessionManager] Created target D327F191... (type=worker)
2026-06-17 11:20:21,516 - DEBUG    [browser_use.BrowserSession🅑 2673 🅣 [91m--[0m] [SessionManager] Created session 8F6EDF4F... for target D327F191... (total sessions: 15)
2026-06-17 11:20:21,516 - DEBUG    [browser_use.BrowserSession🅑 2673 🅣 [91m--[0m] [SessionManager] Target attached: F0AE3BEE... (session=556EB4E2..., type=worker, waitingForDebugger=False)
2026-06-17 11:20:21,516 - DEBUG    [browser_use.BrowserSession🅑 2673 🅣 [91m--[0m] [SessionManager] Target attached: F0AE3BEE... (session=EF6CF35D..., type=worker, waitingForDebugger=False)
2026-06-17 11:20:21,516 - DEBUG    [browser_use.BrowserSession🅑 2673 🅣 [91m--[0m] [SessionManager] Target attached: F36AEA2B... (session=9A7B2CCA..., type=worker, waitingForDebugger=False)
2026-06-17 11:20:21,516 - DEBUG    [browser_use.BrowserSession🅑 2673 🅣 [91m--[0m] [SessionManager] Target attached: F36AEA2B... (session=F710D564..., type=worker, waitingForDebugger=False)
2026-06-17 11:20:21,517 - DEBUG    [browser_use.BrowserSession🅑 2673 🅣 [91m--[0m] [SessionManager] Created target FB84830D... (type=worker)
2026-06-17 11:20:21,517 - DEBUG    [browser_use.BrowserSession🅑 2673 🅣 [91m--[0m] [SessionManager] Created session 706E8BFE... for target FB84830D... (total sessions: 16)
2026-06-17 11:20:21,517 - DEBUG    [browser_use.BrowserSession🅑 2673 🅣 [91m--[0m] [SessionManager] Created session D0A93209... for target D327F191... (total sessions: 17)
2026-06-17 11:20:21,517 - DEBUG    [browser_use.BrowserSession🅑 2673 🅣 [91m--[0m] [SessionManager] Created session 4C506BB2... for target FB84830D... (total sessions: 18)
2026-06-17 11:20:21,517 - DEBUG    [browser_use.BrowserSession🅑 2673 🅣 [91m--[0m] [SessionManager] Created target 3DEB38CD... (type=worker)
2026-06-17 11:20:21,517 - DEBUG    [browser_use.BrowserSession🅑 2673 🅣 [91m--[0m] [SessionManager] Created session 96205E9A... for target 3DEB38CD... (total sessions: 19)
2026-06-17 11:20:21,517 - DEBUG    [browser_use.BrowserSession🅑 2673 🅣 [91m--[0m] [SessionManager] Created session C8D95BA2... for target 3DEB38CD... (total sessions: 20)
2026-06-17 11:20:21,517 - DEBUG    [browser_use.BrowserSession🅑 2673 🅣 [91m--[0m] [SessionManager] Created target 5599D954... (type=worker)
2026-06-17 11:20:21,517 - DEBUG    [browser_use.BrowserSession🅑 2673 🅣 [91m--[0m] [SessionManager] Created session 3097C134... for target 5599D954... (total sessions: 21)
2026-06-17 11:20:21,517 - DEBUG    [browser_use.BrowserSession🅑 2673 🅣 [91m--[0m] [SessionManager] Target attached: D74FB893... (session=5F6C4998..., type=worker, waitingForDebugger=False)
2026-06-17 11:20:21,517 - DEBUG    [browser_use.BrowserSession🅑 2673 🅣 [91m--[0m] [SessionManager] Target attached: D74FB893... (session=3F0C40D5..., type=worker, waitingForDebugger=False)
2026-06-17 11:20:21,518 - DEBUG    [browser_use.BrowserSession🅑 2673 🅣 [91m--[0m] [SessionManager] Created target EDB658C6... (type=worker)
2026-06-17 11:20:21,518 - DEBUG    [browser_use.BrowserSession🅑 2673 🅣 [91m--[0m] [SessionManager] Created session 2E2904DF... for target EDB658C6... (total sessions: 22)
2026-06-17 11:20:21,518 - DEBUG    [browser_use.BrowserSession🅑 2673 🅣 [91m--[0m] [SessionManager] Target attached: 08B3ABF9... (session=164FD661..., type=worker, waitingForDebugger=False)
2026-06-17 11:20:21,518 - DEBUG    [browser_use.BrowserSession🅑 2673 🅣 [91m--[0m] [SessionManager] Target attached: 08B3ABF9... (session=113665AE..., type=worker, waitingForDebugger=False)
2026-06-17 11:20:21,518 - DEBUG    [browser_use.BrowserSession🅑 2673 🅣 [91m--[0m] [SessionManager] Created target 8AB6AFF8... (type=worker)
2026-06-17 11:20:21,518 - DEBUG    [browser_use.BrowserSession🅑 2673 🅣 [91m--[0m] [SessionManager] Created session 4A82A61F... for target 8AB6AFF8... (total sessions: 23)
2026-06-17 11:20:21,518 - DEBUG    [browser_use.BrowserSession🅑 2673 🅣 [91m--[0m] [SessionManager] Created target F0AE3BEE... (type=worker)
2026-06-17 11:20:21,518 - DEBUG    [browser_use.BrowserSession🅑 2673 🅣 [91m--[0m] [SessionManager] Created session 556EB4E2... for target F0AE3BEE... (total sessions: 24)
2026-06-17 11:20:21,518 - DEBUG    [browser_use.BrowserSession🅑 2673 🅣 [91m--[0m] [SessionManager] Created target F36AEA2B... (type=worker)
2026-06-17 11:20:21,518 - DEBUG    [browser_use.BrowserSession🅑 2673 🅣 [91m--[0m] [SessionManager] Created session 9A7B2CCA... for target F36AEA2B... (total sessions: 25)
2026-06-17 11:20:21,518 - DEBUG    [browser_use.BrowserSession🅑 2673 🅣 [91m--[0m] [SessionManager] Created session 92D13DBA... for target 5599D954... (total sessions: 26)
2026-06-17 11:20:21,518 - DEBUG    [browser_use.BrowserSession🅑 2673 🅣 [91m--[0m] [SessionManager] Created session 7CC8CB5F... for target EDB658C6... (total sessions: 27)
2026-06-17 11:20:21,518 - DEBUG    [browser_use.BrowserSession🅑 2673 🅣 [91m--[0m] [SessionManager] Created session BB8DFAE8... for target 8AB6AFF8... (total sessions: 28)
2026-06-17 11:20:21,518 - DEBUG    [browser_use.BrowserSession🅑 2673 🅣 [91m--[0m] [SessionManager] Target attached: 11310663... (session=570BFA3C..., type=worker, waitingForDebugger=False)
2026-06-17 11:20:21,518 - DEBUG    [browser_use.BrowserSession🅑 2673 🅣 [91m--[0m] [SessionManager] Target attached: 11310663... (session=0AF1BDE7..., type=worker, waitingForDebugger=False)
2026-06-17 11:20:21,518 - DEBUG    [browser_use.BrowserSession🅑 2673 🅣 [91m--[0m] [SessionManager] Created session EF6CF35D... for target F0AE3BEE... (total sessions: 29)
2026-06-17 11:20:21,518 - DEBUG    [browser_use.BrowserSession🅑 2673 🅣 [91m--[0m] [SessionManager] Created target D74FB893... (type=worker)
2026-06-17 11:20:21,518 - DEBUG    [browser_use.BrowserSession🅑 2673 🅣 [91m--[0m] [SessionManager] Created session 5F6C4998... for target D74FB893... (total sessions: 30)
2026-06-17 11:20:21,518 - DEBUG    [browser_use.BrowserSession🅑 2673 🅣 [91m--[0m] [SessionManager] Target attached: 91C55B97... (session=9D065949..., type=worker, waitingForDebugger=False)
2026-06-17 11:20:21,518 - DEBUG    [browser_use.BrowserSession🅑 2673 🅣 [91m--[0m] [SessionManager] Target attached: 91C55B97... (session=1829EB9D..., type=worker, waitingForDebugger=False)
2026-06-17 11:20:21,519 - DEBUG    [browser_use.BrowserSession🅑 2673 🅣 [91m--[0m] [SessionManager] Created target 08B3ABF9... (type=worker)
2026-06-17 11:20:21,519 - DEBUG    [browser_use.BrowserSession🅑 2673 🅣 [91m--[0m] [SessionManager] Created session 164FD661... for target 08B3ABF9... (total sessions: 31)
2026-06-17 11:20:21,519 - DEBUG    [browser_use.BrowserSession🅑 2673 🅣 [91m--[0m] [SessionManager] Created session F710D564... for target F36AEA2B... (total sessions: 32)
2026-06-17 11:20:21,519 - DEBUG    [browser_use.BrowserSession🅑 2673 🅣 [91m--[0m] [SessionManager] Created target 11310663... (type=worker)
2026-06-17 11:20:21,519 - DEBUG    [browser_use.BrowserSession🅑 2673 🅣 [91m--[0m] [SessionManager] Created session 570BFA3C... for target 11310663... (total sessions: 33)
2026-06-17 11:20:21,519 - DEBUG    [browser_use.BrowserSession🅑 2673 🅣 [91m--[0m] [SessionManager] Created session 3F0C40D5... for target D74FB893... (total sessions: 34)
2026-06-17 11:20:21,519 - DEBUG    [browser_use.BrowserSession🅑 2673 🅣 [91m--[0m] [SessionManager] Created target 91C55B97... (type=worker)
2026-06-17 11:20:21,519 - DEBUG    [browser_use.BrowserSession🅑 2673 🅣 [91m--[0m] [SessionManager] Created session 9D065949... for target 91C55B97... (total sessions: 35)
2026-06-17 11:20:21,519 - DEBUG    [browser_use.BrowserSession🅑 2673 🅣 [91m--[0m] [SessionManager] Session detached: target=3B2655C7... session=BA003044... (remaining=1)
2026-06-17 11:20:21,519 - DEBUG    [browser_use.BrowserSession🅑 2673 🅣 [91m--[0m] [SessionManager] Removed session BA003044... (remaining sessions: 34)
2026-06-17 11:20:21,519 - DEBUG    [browser_use.BrowserSession🅑 2673 🅣 [91m--[0m] [SessionManager] Session detached: target=3B2655C7... session=EC77DC35... (remaining=0)
2026-06-17 11:20:21,519 - DEBUG    [browser_use.BrowserSession🅑 2673 🅣 [91m--[0m] [SessionManager] No sessions remain for target 3B2655C7..., removing target
2026-06-17 11:20:21,519 - DEBUG    [browser_use.BrowserSession🅑 2673 🅣 [91m--[0m] [SessionManager] Removed target 3B2655C7... (remaining targets: 18)
2026-06-17 11:20:21,519 - DEBUG    [browser_use.BrowserSession🅑 2673 🅣 [91m--[0m] [SessionManager] Removed session EC77DC35... (remaining sessions: 33)
2026-06-17 11:20:21,519 - DEBUG    [browser_use.BrowserSession🅑 2673 🅣 [91m--[0m] [SessionManager] Target 3B2655C7... fully removed (type=worker) - not dispatching TabClosedEvent
2026-06-17 11:20:21,519 - DEBUG    [browser_use.BrowserSession🅑 2673 🅣 [91m--[0m] [SessionManager] Session detached: target=D327F191... session=8F6EDF4F... (remaining=1)
2026-06-17 11:20:21,519 - DEBUG    [browser_use.BrowserSession🅑 2673 🅣 [91m--[0m] [SessionManager] Removed session 8F6EDF4F... (remaining sessions: 32)
2026-06-17 11:20:21,519 - DEBUG    [browser_use.BrowserSession🅑 2673 🅣 [91m--[0m] [SessionManager] Session detached: target=D327F191... session=D0A93209... (remaining=0)
2026-06-17 11:20:21,519 - DEBUG    [browser_use.BrowserSession🅑 2673 🅣 [91m--[0m] [SessionManager] No sessions remain for target D327F191..., removing target
2026-06-17 11:20:21,519 - DEBUG    [browser_use.BrowserSession🅑 2673 🅣 [91m--[0m] [SessionManager] Removed target D327F191... (remaining targets: 17)
2026-06-17 11:20:21,519 - DEBUG    [browser_use.BrowserSession🅑 2673 🅣 [91m--[0m] [SessionManager] Removed session D0A93209... (remaining sessions: 31)
2026-06-17 11:20:21,519 - DEBUG    [browser_use.BrowserSession🅑 2673 🅣 [91m--[0m] [SessionManager] Target D327F191... fully removed (type=worker) - not dispatching TabClosedEvent
2026-06-17 11:20:21,520 - DEBUG    [browser_use.BrowserSession🅑 2673 🅣 [91m--[0m] [SessionManager] Session detached: target=D2D9BD6D... session=C871EA62... (remaining=1)
2026-06-17 11:20:21,520 - DEBUG    [browser_use.BrowserSession🅑 2673 🅣 [91m--[0m] [SessionManager] Removed session C871EA62... (remaining sessions: 30)
2026-06-17 11:20:21,520 - DEBUG    [browser_use.BrowserSession🅑 2673 🅣 [91m--[0m] [SessionManager] Session detached: target=D2D9BD6D... session=7D4707DD... (remaining=0)
2026-06-17 11:20:21,520 - DEBUG    [browser_use.BrowserSession🅑 2673 🅣 [91m--[0m] [SessionManager] No sessions remain for target D2D9BD6D..., removing target
2026-06-17 11:20:21,520 - DEBUG    [browser_use.BrowserSession🅑 2673 🅣 [91m--[0m] [SessionManager] Removed target D2D9BD6D... (remaining targets: 16)
2026-06-17 11:20:21,520 - DEBUG    [browser_use.BrowserSession🅑 2673 🅣 [91m--[0m] [SessionManager] Removed session 7D4707DD... (remaining sessions: 29)
2026-06-17 11:20:21,520 - DEBUG    [browser_use.BrowserSession🅑 2673 🅣 [91m--[0m] [SessionManager] Target D2D9BD6D... fully removed (type=worker) - not dispatching TabClosedEvent
2026-06-17 11:20:21,520 - DEBUG    [browser_use.BrowserSession🅑 2673 🅣 [91m--[0m] [SessionManager] Session detached: target=FDD71327... session=A83285DA... (remaining=1)
2026-06-17 11:20:21,520 - DEBUG    [browser_use.BrowserSession🅑 2673 🅣 [91m--[0m] [SessionManager] Removed session A83285DA... (remaining sessions: 28)
2026-06-17 11:20:21,520 - DEBUG    [browser_use.BrowserSession🅑 2673 🅣 [91m--[0m] [SessionManager] Session detached: target=FDD71327... session=7FFBD522... (remaining=0)
2026-06-17 11:20:21,520 - DEBUG    [browser_use.BrowserSession🅑 2673 🅣 [91m--[0m] [SessionManager] No sessions remain for target FDD71327..., removing target
2026-06-17 11:20:21,520 - DEBUG    [browser_use.BrowserSession🅑 2673 🅣 [91m--[0m] [SessionManager] Removed target FDD71327... (remaining targets: 15)
2026-06-17 11:20:21,520 - DEBUG    [browser_use.BrowserSession🅑 2673 🅣 [91m--[0m] [SessionManager] Removed session 7FFBD522... (remaining sessions: 27)
2026-06-17 11:20:21,520 - DEBUG    [browser_use.BrowserSession🅑 2673 🅣 [91m--[0m] [SessionManager] Target FDD71327... fully removed (type=worker) - not dispatching TabClosedEvent
2026-06-17 11:20:21,520 - DEBUG    [browser_use.BrowserSession🅑 2673 🅣 [91m--[0m] [SessionManager] Created session 0AF1BDE7... for target 11310663... (total sessions: 28)
2026-06-17 11:20:21,521 - DEBUG    [browser_use.BrowserSession🅑 2673 🅣 [91m--[0m] [SessionManager] Session detached: target=5599D954... session=3097C134... (remaining=1)
2026-06-17 11:20:21,521 - DEBUG    [browser_use.BrowserSession🅑 2673 🅣 [91m--[0m] [SessionManager] Removed session 3097C134... (remaining sessions: 27)
2026-06-17 11:20:21,521 - DEBUG    [browser_use.BrowserSession🅑 2673 🅣 [91m--[0m] [SessionManager] Session detached: target=5599D954... session=92D13DBA... (remaining=0)
2026-06-17 11:20:21,521 - DEBUG    [browser_use.BrowserSession🅑 2673 🅣 [91m--[0m] [SessionManager] No sessions remain for target 5599D954..., removing target
2026-06-17 11:20:21,521 - DEBUG    [browser_use.BrowserSession🅑 2673 🅣 [91m--[0m] [SessionManager] Removed target 5599D954... (remaining targets: 14)
2026-06-17 11:20:21,521 - DEBUG    [browser_use.BrowserSession🅑 2673 🅣 [91m--[0m] [SessionManager] Removed session 92D13DBA... (remaining sessions: 26)
2026-06-17 11:20:21,521 - DEBUG    [browser_use.BrowserSession🅑 2673 🅣 [91m--[0m] [SessionManager] Target 5599D954... fully removed (type=worker) - not dispatching TabClosedEvent
2026-06-17 11:20:21,521 - DEBUG    [browser_use.BrowserSession🅑 2673 🅣 [91m--[0m] [SessionManager] Session detached: target=EDB658C6... session=2E2904DF... (remaining=1)
2026-06-17 11:20:21,521 - DEBUG    [browser_use.BrowserSession🅑 2673 🅣 [91m--[0m] [SessionManager] Removed session 2E2904DF... (remaining sessions: 25)
2026-06-17 11:20:21,521 - DEBUG    [browser_use.BrowserSession🅑 2673 🅣 [91m--[0m] [SessionManager] Session detached: target=EDB658C6... session=7CC8CB5F... (remaining=0)
2026-06-17 11:20:21,521 - DEBUG    [browser_use.BrowserSession🅑 2673 🅣 [91m--[0m] [SessionManager] No sessions remain for target EDB658C6..., removing target
2026-06-17 11:20:21,521 - DEBUG    [browser_use.BrowserSession🅑 2673 🅣 [91m--[0m] [SessionManager] Removed target EDB658C6... (remaining targets: 13)
2026-06-17 11:20:21,521 - DEBUG    [browser_use.BrowserSession🅑 2673 🅣 [91m--[0m] [SessionManager] Removed session 7CC8CB5F... (remaining sessions: 24)
2026-06-17 11:20:21,521 - DEBUG    [browser_use.BrowserSession🅑 2673 🅣 [91m--[0m] [SessionManager] Target EDB658C6... fully removed (type=worker) - not dispatching TabClosedEvent
2026-06-17 11:20:21,522 - DEBUG    [browser_use.BrowserSession🅑 2673 🅣 [91m--[0m] [SessionManager] Session detached: target=3DEB38CD... session=96205E9A... (remaining=1)
2026-06-17 11:20:21,522 - DEBUG    [browser_use.BrowserSession🅑 2673 🅣 [91m--[0m] [SessionManager] Removed session 96205E9A... (remaining sessions: 23)
2026-06-17 11:20:21,522 - DEBUG    [browser_use.BrowserSession🅑 2673 🅣 [91m--[0m] [SessionManager] Session detached: target=3DEB38CD... session=C8D95BA2... (remaining=0)
2026-06-17 11:20:21,522 - DEBUG    [browser_use.BrowserSession🅑 2673 🅣 [91m--[0m] [SessionManager] No sessions remain for target 3DEB38CD..., removing target
2026-06-17 11:20:21,522 - DEBUG    [browser_use.BrowserSession🅑 2673 🅣 [91m--[0m] [SessionManager] Removed target 3DEB38CD... (remaining targets: 12)
2026-06-17 11:20:21,522 - DEBUG    [browser_use.BrowserSession🅑 2673 🅣 [91m--[0m] [SessionManager] Removed session C8D95BA2... (remaining sessions: 22)
2026-06-17 11:20:21,522 - DEBUG    [browser_use.BrowserSession🅑 2673 🅣 [91m--[0m] [SessionManager] Target 3DEB38CD... fully removed (type=worker) - not dispatching TabClosedEvent
2026-06-17 11:20:21,522 - DEBUG    [browser_use.BrowserSession🅑 2673 🅣 [91m--[0m] [SessionManager] Created session 1829EB9D... for target 91C55B97... (total sessions: 23)
2026-06-17 11:20:21,522 - DEBUG    [browser_use.BrowserSession🅑 2673 🅣 [91m--[0m] [SessionManager] Session detached: target=91C55B97... session=9D065949... (remaining=1)
2026-06-17 11:20:21,522 - DEBUG    [browser_use.BrowserSession🅑 2673 🅣 [91m--[0m] [SessionManager] Removed session 9D065949... (remaining sessions: 22)
2026-06-17 11:20:21,522 - DEBUG    [browser_use.BrowserSession🅑 2673 🅣 [91m--[0m] [SessionManager] Session detached: target=91C55B97... session=1829EB9D... (remaining=0)
2026-06-17 11:20:21,522 - DEBUG    [browser_use.BrowserSession🅑 2673 🅣 [91m--[0m] [SessionManager] No sessions remain for target 91C55B97..., removing target
2026-06-17 11:20:21,522 - DEBUG    [browser_use.BrowserSession🅑 2673 🅣 [91m--[0m] [SessionManager] Removed target 91C55B97... (remaining targets: 11)
2026-06-17 11:20:21,522 - DEBUG    [browser_use.BrowserSession🅑 2673 🅣 [91m--[0m] [SessionManager] Removed session 1829EB9D... (remaining sessions: 21)
2026-06-17 11:20:21,522 - DEBUG    [browser_use.BrowserSession🅑 2673 🅣 [91m--[0m] [SessionManager] Target 91C55B97... fully removed (type=worker) - not dispatching TabClosedEvent
2026-06-17 11:20:21,522 - DEBUG    [browser_use.BrowserSession🅑 2673 🅣 [91m--[0m] [SessionManager] Session detached: target=F36AEA2B... session=9A7B2CCA... (remaining=1)
2026-06-17 11:20:21,522 - DEBUG    [browser_use.BrowserSession🅑 2673 🅣 [91m--[0m] [SessionManager] Removed session 9A7B2CCA... (remaining sessions: 20)
2026-06-17 11:20:21,522 - DEBUG    [browser_use.BrowserSession🅑 2673 🅣 [91m--[0m] [SessionManager] Session detached: target=F36AEA2B... session=F710D564... (remaining=0)
2026-06-17 11:20:21,522 - DEBUG    [browser_use.BrowserSession🅑 2673 🅣 [91m--[0m] [SessionManager] No sessions remain for target F36AEA2B..., removing target
2026-06-17 11:20:21,522 - DEBUG    [browser_use.BrowserSession🅑 2673 🅣 [91m--[0m] [SessionManager] Removed target F36AEA2B... (remaining targets: 10)
2026-06-17 11:20:21,522 - DEBUG    [browser_use.BrowserSession🅑 2673 🅣 [91m--[0m] [SessionManager] Removed session F710D564... (remaining sessions: 19)
2026-06-17 11:20:21,522 - DEBUG    [browser_use.BrowserSession🅑 2673 🅣 [91m--[0m] [SessionManager] Target F36AEA2B... fully removed (type=worker) - not dispatching TabClosedEvent
2026-06-17 11:20:21,523 - DEBUG    [browser_use.BrowserSession🅑 2673 🅣 [91m--[0m] [SessionManager] Session detached: target=8AB6AFF8... session=4A82A61F... (remaining=1)
2026-06-17 11:20:21,523 - DEBUG    [browser_use.BrowserSession🅑 2673 🅣 [91m--[0m] [SessionManager] Removed session 4A82A61F... (remaining sessions: 18)
2026-06-17 11:20:21,523 - DEBUG    [browser_use.BrowserSession🅑 2673 🅣 [91m--[0m] [SessionManager] Session detached: target=8AB6AFF8... session=BB8DFAE8... (remaining=0)
2026-06-17 11:20:21,523 - DEBUG    [browser_use.BrowserSession🅑 2673 🅣 [91m--[0m] [SessionManager] No sessions remain for target 8AB6AFF8..., removing target
2026-06-17 11:20:21,523 - DEBUG    [browser_use.BrowserSession🅑 2673 🅣 [91m--[0m] [SessionManager] Removed target 8AB6AFF8... (remaining targets: 9)
2026-06-17 11:20:21,523 - DEBUG    [browser_use.BrowserSession🅑 2673 🅣 [91m--[0m] [SessionManager] Removed session BB8DFAE8... (remaining sessions: 17)
2026-06-17 11:20:21,523 - DEBUG    [browser_use.BrowserSession🅑 2673 🅣 [91m--[0m] [SessionManager] Target 8AB6AFF8... fully removed (type=worker) - not dispatching TabClosedEvent
2026-06-17 11:20:21,523 - DEBUG    [browser_use.BrowserSession🅑 2673 🅣 [91m--[0m] [SessionManager] Session detached: target=D74FB893... session=5F6C4998... (remaining=1)
2026-06-17 11:20:21,523 - DEBUG    [browser_use.BrowserSession🅑 2673 🅣 [91m--[0m] [SessionManager] Removed session 5F6C4998... (remaining sessions: 16)
2026-06-17 11:20:21,523 - DEBUG    [browser_use.BrowserSession🅑 2673 🅣 [91m--[0m] [SessionManager] Session detached: target=D74FB893... session=3F0C40D5... (remaining=0)
2026-06-17 11:20:21,523 - DEBUG    [browser_use.BrowserSession🅑 2673 🅣 [91m--[0m] [SessionManager] No sessions remain for target D74FB893..., removing target
2026-06-17 11:20:21,523 - DEBUG    [browser_use.BrowserSession🅑 2673 🅣 [91m--[0m] [SessionManager] Removed target D74FB893... (remaining targets: 8)
2026-06-17 11:20:21,523 - DEBUG    [browser_use.BrowserSession🅑 2673 🅣 [91m--[0m] [SessionManager] Removed session 3F0C40D5... (remaining sessions: 15)
2026-06-17 11:20:21,523 - DEBUG    [browser_use.BrowserSession🅑 2673 🅣 [91m--[0m] [SessionManager] Target D74FB893... fully removed (type=worker) - not dispatching TabClosedEvent
2026-06-17 11:20:21,523 - DEBUG    [browser_use.BrowserSession🅑 2673 🅣 [91m--[0m] [SessionManager] Session detached: target=FB84830D... session=706E8BFE... (remaining=1)
2026-06-17 11:20:21,523 - DEBUG    [browser_use.BrowserSession🅑 2673 🅣 [91m--[0m] [SessionManager] Removed session 706E8BFE... (remaining sessions: 14)
2026-06-17 11:20:21,523 - DEBUG    [browser_use.BrowserSession🅑 2673 🅣 [91m--[0m] [SessionManager] Session detached: target=FB84830D... session=4C506BB2... (remaining=0)
2026-06-17 11:20:21,524 - DEBUG    [browser_use.BrowserSession🅑 2673 🅣 [91m--[0m] [SessionManager] No sessions remain for target FB84830D..., removing target
2026-06-17 11:20:21,524 - DEBUG    [browser_use.BrowserSession🅑 2673 🅣 [91m--[0m] [SessionManager] Removed target FB84830D... (remaining targets: 7)
2026-06-17 11:20:21,524 - DEBUG    [browser_use.BrowserSession🅑 2673 🅣 [91m--[0m] [SessionManager] Removed session 4C506BB2... (remaining sessions: 13)
2026-06-17 11:20:21,524 - DEBUG    [browser_use.BrowserSession🅑 2673 🅣 [91m--[0m] [SessionManager] Target FB84830D... fully removed (type=worker) - not dispatching TabClosedEvent
2026-06-17 11:20:21,524 - DEBUG    [browser_use.BrowserSession🅑 2673 🅣 [91m--[0m] [SessionManager] Session detached: target=F0AE3BEE... session=556EB4E2... (remaining=1)
2026-06-17 11:20:21,524 - DEBUG    [browser_use.BrowserSession🅑 2673 🅣 [91m--[0m] [SessionManager] Removed session 556EB4E2... (remaining sessions: 12)
2026-06-17 11:20:21,524 - DEBUG    [browser_use.BrowserSession🅑 2673 🅣 [91m--[0m] [SessionManager] Session detached: target=F0AE3BEE... session=EF6CF35D... (remaining=0)
2026-06-17 11:20:21,525 - DEBUG    [browser_use.BrowserSession🅑 2673 🅣 [91m--[0m] [SessionManager] No sessions remain for target F0AE3BEE..., removing target
2026-06-17 11:20:21,525 - DEBUG    [browser_use.BrowserSession🅑 2673 🅣 [91m--[0m] [SessionManager] Removed target F0AE3BEE... (remaining targets: 6)
2026-06-17 11:20:21,525 - DEBUG    [browser_use.BrowserSession🅑 2673 🅣 [91m--[0m] [SessionManager] Removed session EF6CF35D... (remaining sessions: 11)
2026-06-17 11:20:21,525 - DEBUG    [browser_use.BrowserSession🅑 2673 🅣 [91m--[0m] [SessionManager] Target F0AE3BEE... fully removed (type=worker) - not dispatching TabClosedEvent
2026-06-17 11:20:21,525 - DEBUG    [browser_use.BrowserSession🅑 2673 🅣 [91m--[0m] [SessionManager] Created session 113665AE... for target 08B3ABF9... (total sessions: 12)
2026-06-17 11:20:21,525 - DEBUG    [browser_use.BrowserSession🅑 2673 🅣 [91m--[0m] [SessionManager] Session detached: target=08B3ABF9... session=164FD661... (remaining=1)
2026-06-17 11:20:21,525 - DEBUG    [browser_use.BrowserSession🅑 2673 🅣 [91m--[0m] [SessionManager] Removed session 164FD661... (remaining sessions: 11)
2026-06-17 11:20:21,525 - DEBUG    [browser_use.BrowserSession🅑 2673 🅣 [91m--[0m] [SessionManager] Session detached: target=08B3ABF9... session=113665AE... (remaining=0)
2026-06-17 11:20:21,525 - DEBUG    [browser_use.BrowserSession🅑 2673 🅣 [91m--[0m] [SessionManager] No sessions remain for target 08B3ABF9..., removing target
2026-06-17 11:20:21,525 - DEBUG    [browser_use.BrowserSession🅑 2673 🅣 [91m--[0m] [SessionManager] Removed target 08B3ABF9... (remaining targets: 5)
2026-06-17 11:20:21,525 - DEBUG    [browser_use.BrowserSession🅑 2673 🅣 [91m--[0m] [SessionManager] Removed session 113665AE... (remaining sessions: 10)
2026-06-17 11:20:21,525 - DEBUG    [browser_use.BrowserSession🅑 2673 🅣 [91m--[0m] [SessionManager] Target 08B3ABF9... fully removed (type=worker) - not dispatching TabClosedEvent
2026-06-17 11:20:21,526 - DEBUG    [browser_use.BrowserSession🅑 2673 🅣 [91m--[0m] [SessionManager] Session detached: target=11310663... session=570BFA3C... (remaining=1)
2026-06-17 11:20:21,526 - DEBUG    [browser_use.BrowserSession🅑 2673 🅣 [91m--[0m] [SessionManager] Removed session 570BFA3C... (remaining sessions: 9)
2026-06-17 11:20:21,526 - DEBUG    [browser_use.BrowserSession🅑 2673 🅣 [91m--[0m] [SessionManager] Session detached: target=11310663... session=0AF1BDE7... (remaining=0)
2026-06-17 11:20:21,526 - DEBUG    [browser_use.BrowserSession🅑 2673 🅣 [91m--[0m] [SessionManager] No sessions remain for target 11310663..., removing target
2026-06-17 11:20:21,526 - DEBUG    [browser_use.BrowserSession🅑 2673 🅣 [91m--[0m] [SessionManager] Removed target 11310663... (remaining targets: 4)
2026-06-17 11:20:21,526 - DEBUG    [browser_use.BrowserSession🅑 2673 🅣 [91m--[0m] [SessionManager] Removed session 0AF1BDE7... (remaining sessions: 8)
2026-06-17 11:20:21,526 - DEBUG    [browser_use.BrowserSession🅑 2673 🅣 [91m--[0m] [SessionManager] Target 11310663... fully removed (type=worker) - not dispatching TabClosedEvent
2026-06-17 11:20:21,526 - DEBUG    [browser_use.BrowserSession🅑 2673 🅣 [91m--[0m] [SessionManager] Session detached: target=0C2D0263... session=4ED72D09... (remaining=1)
2026-06-17 11:20:21,526 - DEBUG    [browser_use.BrowserSession🅑 2673 🅣 [91m--[0m] [SessionManager] Removed session 4ED72D09... (remaining sessions: 7)
2026-06-17 11:20:21,526 - DEBUG    [browser_use.BrowserSession🅑 2673 🅣 [91m--[0m] [SessionManager] Session detached: target=0C2D0263... session=79D46DC0... (remaining=0)
2026-06-17 11:20:21,526 - DEBUG    [browser_use.BrowserSession🅑 2673 🅣 [91m--[0m] [SessionManager] No sessions remain for target 0C2D0263..., removing target
2026-06-17 11:20:21,526 - DEBUG    [browser_use.BrowserSession🅑 2673 🅣 [91m--[0m] [SessionManager] Removed target 0C2D0263... (remaining targets: 3)
2026-06-17 11:20:21,526 - DEBUG    [browser_use.BrowserSession🅑 2673 🅣 [91m--[0m] [SessionManager] Removed session 79D46DC0... (remaining sessions: 6)
2026-06-17 11:20:21,526 - DEBUG    [browser_use.BrowserSession🅑 2673 🅣 [91m--[0m] [SessionManager] Target 0C2D0263... fully removed (type=worker) - not dispatching TabClosedEvent
2026-06-17 11:20:21,669 - DEBUG    [browser_use.BrowserSession🅑 2673 🅣 [91m--[0m] [SessionManager] Session detached: target=C2DD31B2... session=CB6FE026... (remaining=1)
2026-06-17 11:20:21,669 - DEBUG    [browser_use.BrowserSession🅑 2673 🅣 [91m--[0m] [SessionManager] Removed session CB6FE026... (remaining sessions: 5)
2026-06-17 11:20:21,669 - DEBUG    [browser_use.BrowserSession🅑 2673 🅣 [91m--[0m] [SessionManager] Session detached: target=C2DD31B2... session=5737D881... (remaining=0)
2026-06-17 11:20:21,669 - DEBUG    [browser_use.BrowserSession🅑 2673 🅣 [91m--[0m] [SessionManager] No sessions remain for target C2DD31B2..., removing target
2026-06-17 11:20:21,669 - DEBUG    [browser_use.BrowserSession🅑 2673 🅣 [91m--[0m] [SessionManager] Removed target C2DD31B2... (remaining targets: 2)
2026-06-17 11:20:21,669 - DEBUG    [browser_use.BrowserSession🅑 2673 🅣 [91m--[0m] [SessionManager] Removed session 5737D881... (remaining sessions: 4)
2026-06-17 11:20:21,669 - DEBUG    [browser_use.BrowserSession🅑 2673 🅣 [91m--[0m] [SessionManager] Target C2DD31B2... fully removed (type=iframe) - not dispatching TabClosedEvent
2026-06-17 11:20:21,670 - DEBUG    [browser_use.BrowserSession🅑 2673 🅣 [91m--[0m] [SessionManager] Session detached: target=93EE6308... session=B0F34206... (remaining=1)
2026-06-17 11:20:21,670 - DEBUG    [browser_use.BrowserSession🅑 2673 🅣 [91m--[0m] [SessionManager] Removed session B0F34206... (remaining sessions: 3)
2026-06-17 11:20:21,670 - DEBUG    [browser_use.BrowserSession🅑 2673 🅣 [91m--[0m] [SessionManager] Session detached: target=93EE6308... session=F9D31FE2... (remaining=0)
2026-06-17 11:20:21,670 - DEBUG    [browser_use.BrowserSession🅑 2673 🅣 [91m--[0m] [SessionManager] No sessions remain for target 93EE6308..., removing target
2026-06-17 11:20:21,670 - DEBUG    [browser_use.BrowserSession🅑 2673 🅣 [91m--[0m] [SessionManager] Removed target 93EE6308... (remaining targets: 1)
2026-06-17 11:20:21,671 - DEBUG    [browser_use.BrowserSession🅑 2673 🅣 [91m--[0m] [SessionManager] Removed session F9D31FE2... (remaining sessions: 2)
2026-06-17 11:20:21,671 - DEBUG    [browser_use.BrowserSession🅑 2673 🅣 [91m--[0m] [SessionManager] Target 93EE6308... fully removed (type=worker) - not dispatching TabClosedEvent
2026-06-17 11:20:25,787 - DEBUG    [browser_use.Agent🅰 18a6 ⇢ 🅑 2673 🅣 58] 🔧 Agent setup: Agent Session ID 1699, Task ID 18a6, Browser Session ID 2673 (connecting via CDP)
2026-06-17 11:20:25,787 - DEBUG    [browser_use.Agent🅰 18a6 ⇢ 🅑 2673 🅣 58] 📡 Dispatching CreateAgentSessionEvent...
2026-06-17 11:20:25,787 - DEBUG    [browser_use.Agent🅰 18a6 ⇢ 🅑 2673 🅣 58] 📡 Dispatching CreateAgentTaskEvent...
2026-06-17 11:20:25,788 - INFO     [Agent] Starting a browser-use agent with version 0.11.9, with provider=openai and model=qwen3.5-397b-a17b
2026-06-17 11:20:25,789 - DEBUG    [browser_use.BrowserSession🅑 2673 🅣 58] 🚌 [BrowserSession.on_BrowserStartEvent(#94d9)]           ⏳ Starting...       👈 by Agent 
2026-06-17 11:20:25,789 - DEBUG    [browser_use.BrowserSession🅑 2673 🅣 58] Watchdogs already attached, skipping duplicate attachment
2026-06-17 11:20:25,790 - DEBUG    [browser_use.BrowserSession🅑 2673 🅣 58] Already connected to CDP, skipping reconnection
2026-06-17 11:20:25,790 - DEBUG    [browser_use.BrowserSession🅑 2673 🅣 58] 🚌 [BrowserSession.on_BrowserStartEvent(#94d9)]           Succeeded (0.00s) ➡️ <dict> 👉 returned to  Agent
2026-06-17 11:20:25,790 - DEBUG    [browser_use.Agent🅰 18a6 ⇢ 🅑 2673 🅣 58] 🔄 Starting main execution loop with max 100000 steps (currently at step 1)...
2026-06-17 11:20:25,791 - DEBUG    [browser_use.Agent🅰 18a6 ⇢ 🅑 2673 🅣 58] 🚶 Starting step 1/100000...
2026-06-17 11:20:25,791 - DEBUG    [browser_use.Agent🅰 18a6 ⇢ 🅑 2673 🅣 58] 🌐 Step 1: Getting browser state...
2026-06-17 11:20:25,791 - DEBUG    [browser_use.Agent🅰 18a6 ⇢ 🅑 2673 🅣 58] 📸 Requesting browser state with include_screenshot=True
2026-06-17 11:20:25,791 - DEBUG    [browser_use.BrowserSession🅑 2673 🅣 58] 🚌 [DownloadsWatchdog.on_BrowserStateRequestEvent(#1bfb)] ⏳ Starting...       👈 by Agent 
2026-06-17 11:20:25,792 - DEBUG    [browser_use.BrowserSession🅑 2673 🅣 58] [DownloadsWatchdog] Lightweight downloads enabled; skipping BrowserStateRequestEvent 1bfb
2026-06-17 11:20:25,792 - DEBUG    [browser_use.BrowserSession🅑 2673 🅣 58] 🚌 [DownloadsWatchdog.on_BrowserStateRequestEvent(#1bfb)] Succeeded (0.00s) 👉 returned to  Agent
2026-06-17 11:20:25,792 - DEBUG    [browser_use.BrowserSession🅑 2673 🅣 58] 🚌 [DOMWatchdog.on_BrowserStateRequestEvent(#1bfb)]       ⏳ Starting...       👈 by Agent 
2026-06-17 11:20:25,792 - DEBUG    [browser_use.BrowserSession🅑 2673 🅣 58] 🔍 DOMWatchdog.on_BrowserStateRequestEvent: STARTING browser state request
2026-06-17 11:20:25,792 - DEBUG    [browser_use.BrowserSession🅑 2673 🅣 58] 🔍 DOMWatchdog.on_BrowserStateRequestEvent: Got page URL: https://idp.bl.uk/collection/?term=miao&limit=50&page=21
2026-06-17 11:20:25,792 - DEBUG    [browser_use.BrowserSession🅑 2673 🅣 58] Current page URL: https://idp.bl.uk/collection/?term=miao&limit=50&page=21, target_id: 40CD4D940F49C5B85898F7AA23D37158
2026-06-17 11:20:25,792 - DEBUG    [browser_use.BrowserSession🅑 2673 🅣 58] 🔍 DOMWatchdog.on_BrowserStateRequestEvent: ⏳ Waiting for page stability...
2026-06-17 11:20:25,792 - DEBUG    [browser_use.BrowserSession🅑 2673 🅣 58] 🔍 DOMWatchdog.on_BrowserStateRequestEvent: ✅ Page stability complete
2026-06-17 11:20:25,792 - DEBUG    [browser_use.BrowserSession🅑 2673 🅣 58] 🔍 DOMWatchdog.on_BrowserStateRequestEvent: Getting tabs info...
2026-06-17 11:20:25,792 - DEBUG    [browser_use.BrowserSession🅑 2673 🅣 58] 🔍 DOMWatchdog.on_BrowserStateRequestEvent: Got 1 tabs
2026-06-17 11:20:25,792 - DEBUG    [browser_use.BrowserSession🅑 2673 🅣 58] 🔍 DOMWatchdog.on_BrowserStateRequestEvent: Tabs info: [TabInfo(url='https://idp.bl.uk/collection/?term=miao&limit=50&page=21', title='Collection Search – Page 21 – International Dunhuang Programme', target_id='40CD4D940F49C5B85898F7AA23D37158', parent_target_id=None)]
2026-06-17 11:20:25,792 - DEBUG    [browser_use.BrowserSession🅑 2673 🅣 58] 🔍 DOMWatchdog.on_BrowserStateRequestEvent: 🌳 Starting DOM tree build task...
2026-06-17 11:20:25,792 - DEBUG    [browser_use.BrowserSession🅑 2673 🅣 58] 🔍 DOMWatchdog._build_dom_tree_without_highlights: STARTING DOM tree build
2026-06-17 11:20:25,793 - DEBUG    [browser_use.BrowserSession🅑 2673 🅣 58] 🔍 DOMWatchdog._build_dom_tree_without_highlights: Calling DomService.get_serialized_dom_tree...
2026-06-17 11:20:25,794 - DEBUG    [browser_use.BrowserSession🅑 2673 🅣 58] 🔍 DEBUG: Capturing DOM snapshot for target 40CD4D940F49C5B85898F7AA23D37158
2026-06-17 11:20:25,803 - DEBUG    [browser_use.BrowserSession🅑 2673 🅣 58] Detected 57 elements with JS click listeners
2026-06-17 11:20:25,843 - DEBUG    [browser_use.BrowserSession🅑 2673 🅣 58] 🔍 DEBUG: Snapshot contains 1 frames with 17 total nodes
2026-06-17 11:20:25,844 - DEBUG    [browser_use.dom.enhanced_snapshot] 🔍 SNAPSHOT: Processing 1 documents with 1265 strings
2026-06-17 11:20:25,844 - DEBUG    [browser_use.dom.enhanced_snapshot] 🔍 SNAPSHOT doc[0]: url=https://idp.bl.uk/collection/?term=miao&limit=50&page=21... has 2321 nodes, layout has 551 entries
2026-06-17 11:20:25,852 - DEBUG    [browser_use.dom.enhanced_snapshot] 🔍 SNAPSHOT: Built lookup with 2321 total entries, 491 have bounds
2026-06-17 11:20:25,852 - DEBUG    [browser_use.BrowserSession🅑 2673 🅣 58] 🔍 DEBUG: HTML frame scroll - scrollY=0, scrollX=0, frameId=40CD4D940F49C5B85898F7AA23D37158, nodeId=3
2026-06-17 11:20:25,870 - DEBUG    [root] BBox filtering excluded 15 nodes
2026-06-17 11:20:25,871 - DEBUG    [browser_use.BrowserSession🅑 2673 🅣 58] 🔍 DOMWatchdog._build_dom_tree_without_highlights: ✅ DomService.get_serialized_dom_tree completed
2026-06-17 11:20:25,871 - DEBUG    [browser_use.BrowserSession🅑 2673 🅣 58] ⏱️ Total DOM tree time: 77.44ms
📊 Timing breakdown:
  ├─ get_all_trees: 50.61ms
  │  ├─ iframe_scroll_detection: 1.21ms
  │  ├─ cdp_parallel_calls: 39.84ms
  │  └─ snapshot_processing: 1.00ms
  ├─ build_snapshot_lookup: 8.00ms
  ├─ construct_enhanced_tree: 10.81ms
  ├─ serialize_accessible_elements: 6.51ms
  │  ├─ create_simplified_tree: 3.00ms
  │  ├─ calculate_paint_order: 1.50ms
  │  ├─ bbox_filtering: 1.01ms
  │  └─ assign_interactive_indices: 1.00ms
  ├─ get_dom_tree_overhead: 1.50ms
2026-06-17 11:20:25,871 - DEBUG    [browser_use.BrowserSession🅑 2673 🅣 58] 🔍 DOMWatchdog._build_dom_tree_without_highlights: Updating selector maps...
2026-06-17 11:20:25,871 - DEBUG    [browser_use.BrowserSession🅑 2673 🅣 58] 🔍 DOMWatchdog._build_dom_tree_without_highlights: ✅ Selector maps updated, 67 elements
2026-06-17 11:20:25,871 - DEBUG    [browser_use.BrowserSession🅑 2673 🅣 58] 🔍 DOMWatchdog._build_dom_tree_without_highlights: ✅ COMPLETED DOM tree build (no JS highlights)
2026-06-17 11:20:25,871 - DEBUG    [browser_use.BrowserSession🅑 2673 🅣 58] 🔍 DOMWatchdog.on_BrowserStateRequestEvent: ✅ DOM tree build completed
2026-06-17 11:20:25,871 - DEBUG    [browser_use.BrowserSession🅑 2673 🅣 58] 🔍 DOMWatchdog.on_BrowserStateRequestEvent: Getting page title...
2026-06-17 11:20:25,871 - DEBUG    [browser_use.BrowserSession🅑 2673 🅣 58] 🔍 DOMWatchdog.on_BrowserStateRequestEvent: Got title: Collection Search – Page 21 – International Dunhuang Programme
2026-06-17 11:20:25,871 - DEBUG    [browser_use.BrowserSession🅑 2673 🅣 58] 🔍 DOMWatchdog.on_BrowserStateRequestEvent: Getting page info from CDP...
2026-06-17 11:20:25,873 - DEBUG    [browser_use.BrowserSession🅑 2673 🅣 58] 🔍 DOMWatchdog.on_BrowserStateRequestEvent: Got page info from CDP: viewport_width=1694 viewport_height=990 page_width=1694 page_height=2013 scroll_x=0 scroll_y=0 pixels_above=0 pixels_below=1023 pixels_left=0 pixels_right=0
2026-06-17 11:20:25,873 - DEBUG    [browser_use.BrowserSession🅑 2673 🅣 58] 🔍 DOMWatchdog._detect_pagination_buttons: Detecting pagination buttons...
2026-06-17 11:20:25,874 - DEBUG    [browser_use.BrowserSession🅑 2673 🅣 58] 🔍 DOMWatchdog._detect_pagination_buttons: Found 4 pagination buttons
2026-06-17 11:20:25,874 - DEBUG    [browser_use.BrowserSession🅑 2673 🅣 58] 🔍 DOMWatchdog.on_BrowserStateRequestEvent: 📸 Creating BrowserStateSummary WITHOUT screenshot
2026-06-17 11:20:25,874 - DEBUG    [browser_use.BrowserSession🅑 2673 🅣 58] 🔍 DOMWatchdog.on_BrowserStateRequestEvent: ✅ COMPLETED - Returning browser state
2026-06-17 11:20:25,874 - DEBUG    [browser_use.BrowserSession🅑 2673 🅣 58] 🚌 [DOMWatchdog.on_BrowserStateRequestEvent(#1bfb)]       Succeeded (0.08s) ➡️ <BrowserStateSummary> 👉 returned to  Agent
2026-06-17 11:20:25,886 - DEBUG    [browser_use.Agent🅰 18a6 ⇢ 🅑 2673 🅣 58] 📸 Got browser state WITHOUT screenshot
2026-06-17 11:20:25,886 - INFO     [Agent] 

2026-06-17 11:20:25,886 - INFO     [Agent] 📍 Step 1:
2026-06-17 11:20:25,887 - DEBUG    [browser_use.Agent🅰 18a6 ⇢ 🅑 2673 🅣 58] Evaluating page with 67 interactive elements on: https://idp.bl.uk/collection/?term=miao&limit=50&p...
2026-06-17 11:20:25,887 - DEBUG    [browser_use.Agent🅰 18a6 ⇢ 🅑 2673 🅣 58] 📝 Step 1: Updating action models...
2026-06-17 11:20:25,899 - DEBUG    [browser_use.Agent🅰 18a6 ⇢ 🅑 2673 🅣 58] 💬 Step 1: Creating state messages for context...
2026-06-17 11:20:25,901 - DEBUG    [browser_use.agent.message_manager.service] 
2026-06-17 11:20:25,901 - DEBUG    [browser_use.Agent🅰 18a6 ⇢ 🅑 2673 🅣 58] 🤖 Step 1: Calling LLM with 2 messages (model: qwen3.5-397b-a17b)...
2026-06-17 11:20:34,669 - DEBUG    [browser_use.tokens.service] Token cost service: model='qwen3.5-397b-a17b' timestamp=datetime.datetime(2026, 6, 17, 11, 20, 34, 669324) usage=ChatInvokeUsage(prompt_tokens=11237, prompt_cached_tokens=None, prompt_cache_creation_tokens=None, prompt_image_tokens=None, completion_tokens=446, total_tokens=11683)
2026-06-17 11:20:34,669 - DEBUG    [browser_use.Agent🅰 18a6 ⇢ 🅑 2673 🅣 58] 💡 Thinking:
This is a continuation task (断点续跑). According to the user request, I have already downloaded 888 images and need to continue from page 21. The current browser state shows I'm already on page 21 of the IDP search results for 'miao'. I can see there are 997 total results. I need to use the batch download tool `download_current_idp_search_page_images` to process this page efficiently, starting from index 0 since the progress file indicates next_page=21, start_index=0.
2026-06-17 11:20:34,669 - INFO     [Agent]   ❔ Eval: Agent initialized with continuation context - already at page 21 with 888 images previously downloaded.
2026-06-17 11:20:34,669 - INFO     [Agent]   🧠 Memory: Continuation task: 888 images already downloaded. Need 4112 more to reach target of 5000. Currently on page 21 of IDP search results for 'miao' (997 total results). Next image sequence number should be 889.
2026-06-17 11:20:34,669 - INFO     [Agent]   [34m🎯 Next goal: Use download_current_idp_search_page_images to batch process page 21, extracting and downloading images from this search results page.[0m
2026-06-17 11:20:34,669 - DEBUG    [browser_use.Agent🅰 18a6 ⇢ 🅑 2673 🅣 58] ⏳ get_next_action() took 8.77s
2026-06-17 11:20:34,669 - DEBUG    [browser_use.Agent🅰 18a6 ⇢ 🅑 2673 🅣 58] ✅ Step 1: Got LLM response with 1 actions
2026-06-17 11:20:34,670 - INFO     [Agent]   ▶️   [34mdownload_current_idp_search_page_images[0m: [35mtarget_count[0m: 5000, [35mmax_items[0m: 50, [35mstart_index[0m: 0, [35mimages_per_item[0m: 1, [35mfile_prefix[0m: temple, [35mtitle_prefix[0m: miao, [35mallowed_host_suffixes[0m: ['idp.bl.uk', 'data.idp.bl.uk', 'bl.uk'], [35mrecord_filename[0m: image_record.jsonl, [35minfo_filename[0m: temple_photo_info.md, [35mtimeout_seconds[0m: 360
2026-06-17 11:20:34,973 - DEBUG    [cost] 🧠 [96mqwen3.5-397b-a17b[0m | 📥 [93m11.2k[0m | 📤 [92m446[0m
2026-06-17 11:21:12,132 - DEBUG    [browser_use.utils] Display size: width=2560 height=1600
2026-06-17 11:21:13,151 - INFO     [service] Using anonymized telemetry, see https://docs.browser-use.com/development/telemetry.
2026-06-17 11:21:16,964 - DEBUG    [browser_use.tools.registry.service] Excluded action "screenshot" from registry
2026-06-17 11:21:16,966 - DEBUG    [browser_use.tokens.service] LLM instance 3089239526912 (openai_qwen3.5-397b-a17b) is already registered
2026-06-17 11:21:16,966 - DEBUG    [browser_use.tokens.service] LLM instance 3089239526912 (openai_qwen3.5-397b-a17b) is already registered
2026-06-17 11:21:16,969 - DEBUG    [browser_use.Agent🅰 56e2 ⇢ 🅑 f81e 🅣 --] 💾 File system path: D:\desktop\1\browser-use-main
2026-06-17 11:21:16,973 - DEBUG    [browser_use.Agent🅰 56e2 ⇢ 🅑 f81e 🅣 --] 📸 Screenshot service initialized in: C:\Users\wxl53\AppData\Local\Temp\browser_use_agent_06a3212a-cf70-75fa-8000-27b7cca456e2_1781666476/screenshots
2026-06-17 11:21:16,984 - DEBUG    [browser_use.Agent🅰 56e2 ⇢ 🅑 f81e 🅣 --] Excluding URL with file extension from auto-navigation: title.txt
2026-06-17 11:21:16,984 - DEBUG    [browser_use.Agent🅰 56e2 ⇢ 🅑 f81e 🅣 --] Excluding URL with file extension from auto-navigation: record.jsonl
2026-06-17 11:21:16,985 - DEBUG    [browser_use.Agent🅰 56e2 ⇢ 🅑 f81e 🅣 --] Excluding URL with file extension from auto-navigation: title.txt
2026-06-17 11:21:16,985 - DEBUG    [browser_use.Agent🅰 56e2 ⇢ 🅑 f81e 🅣 --] Excluding URL with file extension from auto-navigation: info.md
2026-06-17 11:21:16,985 - DEBUG    [browser_use.Agent🅰 56e2 ⇢ 🅑 f81e 🅣 --] Excluding URL with file extension from auto-navigation: title.txt
2026-06-17 11:21:16,985 - DEBUG    [browser_use.Agent🅰 56e2 ⇢ 🅑 f81e 🅣 --] Excluding URL with file extension from auto-navigation: record.jsonl
2026-06-17 11:21:16,985 - DEBUG    [browser_use.Agent🅰 56e2 ⇢ 🅑 f81e 🅣 --] Excluding URL with file extension from auto-navigation: info.md
2026-06-17 11:21:16,985 - DEBUG    [browser_use.Agent🅰 56e2 ⇢ 🅑 f81e 🅣 --] Excluding URL with file extension from auto-navigation: record.jsonl
2026-06-17 11:21:16,985 - DEBUG    [browser_use.Agent🅰 56e2 ⇢ 🅑 f81e 🅣 --] Excluding URL with file extension from auto-navigation: title.txt
2026-06-17 11:21:16,985 - DEBUG    [browser_use.Agent🅰 56e2 ⇢ 🅑 f81e 🅣 --] Excluding URL with file extension from auto-navigation: progress.json
2026-06-17 11:21:16,985 - DEBUG    [browser_use.Agent🅰 56e2 ⇢ 🅑 f81e 🅣 --] Excluding URL with file extension from auto-navigation: progress.json
2026-06-17 11:21:16,985 - DEBUG    [browser_use.Agent🅰 56e2 ⇢ 🅑 f81e 🅣 --] Excluding URL with file extension from auto-navigation: record.jsonl
2026-06-17 11:21:16,985 - DEBUG    [browser_use.Agent🅰 56e2 ⇢ 🅑 f81e 🅣 --] Excluding URL with file extension from auto-navigation: info.md
2026-06-17 11:21:16,985 - DEBUG    [browser_use.Agent🅰 56e2 ⇢ 🅑 f81e 🅣 --] Excluding URL with file extension from auto-navigation: title.txt
2026-06-17 11:21:16,985 - DEBUG    [browser_use.Agent🅰 56e2 ⇢ 🅑 f81e 🅣 --] Excluding URL with file extension from auto-navigation: info.md
2026-06-17 11:21:16,985 - DEBUG    [browser_use.Agent🅰 56e2 ⇢ 🅑 f81e 🅣 --] Excluding URL with file extension from auto-navigation: record.jsonl
2026-06-17 11:21:16,985 - DEBUG    [browser_use.Agent🅰 56e2 ⇢ 🅑 f81e 🅣 --] Excluding URL with file extension from auto-navigation: title.txt
2026-06-17 11:21:16,985 - DEBUG    [browser_use.Agent🅰 56e2 ⇢ 🅑 f81e 🅣 --] Excluding URL with file extension from auto-navigation: info.md
2026-06-17 11:21:16,985 - DEBUG    [browser_use.Agent🅰 56e2 ⇢ 🅑 f81e 🅣 --] Excluding URL with file extension from auto-navigation: 001.jpg
2026-06-17 11:21:16,985 - DEBUG    [browser_use.Agent🅰 56e2 ⇢ 🅑 f81e 🅣 --] Excluding URL with file extension from auto-navigation: title.txt
2026-06-17 11:21:16,985 - DEBUG    [browser_use.Agent🅰 56e2 ⇢ 🅑 f81e 🅣 --] Excluding URL with file extension from auto-navigation: info.md
2026-06-17 11:21:16,985 - DEBUG    [browser_use.Agent🅰 56e2 ⇢ 🅑 f81e 🅣 --] Excluding URL with file extension from auto-navigation: record.jsonl
2026-06-17 11:21:16,985 - DEBUG    [browser_use.Agent🅰 56e2 ⇢ 🅑 f81e 🅣 --] Excluding URL with file extension from auto-navigation: progress.json
2026-06-17 11:21:16,985 - DEBUG    [browser_use.Agent🅰 56e2 ⇢ 🅑 f81e 🅣 --] Excluding URL with file extension from auto-navigation: record.jsonl
2026-06-17 11:21:16,985 - DEBUG    [browser_use.Agent🅰 56e2 ⇢ 🅑 f81e 🅣 --] Excluding URL with file extension from auto-navigation: title.txt
2026-06-17 11:21:16,986 - DEBUG    [browser_use.Agent🅰 56e2 ⇢ 🅑 f81e 🅣 --] Excluding URL with file extension from auto-navigation: record.jsonl
2026-06-17 11:21:16,986 - DEBUG    [browser_use.Agent🅰 56e2 ⇢ 🅑 f81e 🅣 --] Excluding URL with file extension from auto-navigation: title.txt
2026-06-17 11:21:16,986 - DEBUG    [browser_use.Agent🅰 56e2 ⇢ 🅑 f81e 🅣 --] Excluding URL with file extension from auto-navigation: title.txt
2026-06-17 11:21:16,986 - DEBUG    [browser_use.Agent🅰 56e2 ⇢ 🅑 f81e 🅣 --] Excluding URL with file extension from auto-navigation: info.md
2026-06-17 11:21:16,986 - DEBUG    [browser_use.Agent🅰 56e2 ⇢ 🅑 f81e 🅣 --] Excluding URL with file extension from auto-navigation: progress.json
2026-06-17 11:21:16,986 - DEBUG    [browser_use.Agent🅰 56e2 ⇢ 🅑 f81e 🅣 --] Excluding URL with file extension from auto-navigation: record.jsonl
2026-06-17 11:21:16,986 - DEBUG    [browser_use.Agent🅰 56e2 ⇢ 🅑 f81e 🅣 --] Excluding URL with file extension from auto-navigation: title.txt
2026-06-17 11:21:16,986 - DEBUG    [browser_use.Agent🅰 56e2 ⇢ 🅑 f81e 🅣 --] Excluding URL with file extension from auto-navigation: record.jsonl
2026-06-17 11:21:16,986 - DEBUG    [browser_use.Agent🅰 56e2 ⇢ 🅑 f81e 🅣 --] Excluding URL with file extension from auto-navigation: info.md
2026-06-17 11:21:16,986 - DEBUG    [browser_use.Agent🅰 56e2 ⇢ 🅑 f81e 🅣 --] Multiple URLs found (14), skipping directly_open_url to avoid ambiguity
2026-06-17 11:21:16,986 - DEBUG    [browser_use.agent.service]  extraction_model=qwen3.5-397b-a17b +file_system
2026-06-17 11:21:17,788 - DEBUG    [browser_use.Agent🅰 56e2 ⇢ 🅑 f81e 🅣 --] 📁 Initialized download tracking for agent
2026-06-17 11:21:17,789 - DEBUG    [browser_use.Agent🅰 56e2 ⇢ 🅑 f81e 🅣 --] ⏳ init() took 0.82s
2026-06-17 11:21:17,789 - INFO     [Agent] [34m🎯 Task: # IDP “china_buddhist” 图片下载任务

## 任务目标

访问 **`https://idp.bl.uk/`**，搜索关键词 **`china_buddhist`**，按搜索结果顺序下载 **前 n = 5000 张与“china_buddhist / Chinese Buddhist / Buddhist in China / China-related Buddhist context”相关的有效图片** 到本地 `image` 目录，并提取每张图片对应的藏品信息。

本任务采用“下载即最终命名”逻辑：每成功保存一张图片后，工具必须立即计算图片内容 hash，用 `title + short_hash` 生成最终文件名，并立刻写入结构化记录。`title.txt` 只作为可读导出，不再作为最终重命名依据。优先调用 `download_current_idp_search_page_images` 批量处理当前 IDP 搜索结果页；只有批量工具无法处理某个单项时，才退回 `download_image_from_url`。

## 允许访问的网站

只允许访问以下官方域名及其页面内直接引用的官方图片资源：

1. `https://idp.bl.uk/`
2. `https://www.bl.uk/`
3. 页面中由 IDP / British Library 官方直接引用的图片、IIIF、缩略图或大图资源域名

不要访问非官方图片搜索引擎、社交媒体或无关外站。

## 核心原则

1. 目标是 **5000 张成功保存的有效图片**，不是 5000 次尝试。
2. 搜索关键词固定为 `china_buddhist`。
3. 按 IDP 搜索结果顺序处理，不要随机挑选。
4. 每个详情页可保存 1 张或多张可见馆藏图片；总数达到 5000 张后停止。
5. 只保存馆藏图片，不保存 logo、按钮、Cookie 横幅、导航栏、社交分享图标、页面装饰图。
6. 每成功保存一张图片后，必须立刻最终命名并记录这张图；优先用 `download_image_from_url` 自动找图、保存、hash 去重、最终命名并记录，只有图片已经通过其他方式真实落地到 `image` 目录后，才单独调用 `record_downloaded_image`。
7. `record_downloaded_image` 会计算 `content_hash` / `source_hash` / `title_hash`，把临时图片立即改为最终文件名，并自动维护 `browseruse_agent_data/image_record.jsonl`、`browseruse_agent_data/title.txt` 和 `browseruse_agent_data/temple_photo_info.md`。
8. `title.txt` 只是人工查看用的导出文件，不允许依赖它做最终重命名。
9. 不要重复处理同一详情页 URL、同一图片 URL 或同一图片内容。

## 推荐执行流程

### 阶段 1：进入 IDP 并搜索

1. 打开 `https://idp.bl.uk/`。
2. 如果出现 Cookie 横幅，点击同意或关闭。
3. 在网站搜索框中输入关键词 `china_buddhist` 并搜索。
4. 如果搜索结果支持筛选或排序，保持默认相关性排序；如果支持每页显示数量，优先选择 50 或 100。

### 阶段 2：按顺序处理搜索结果

对搜索结果页按从上到下、从左到右的顺序处理。为了效率，必须优先使用批量工具：

```text
download_current_idp_search_page_images(
  target_count=5000,
  max_items=50,
  start_index=0,
  images_per_item=1,
  file_prefix="temple",
  title_prefix="china_buddhist",
  allowed_host_suffixes=["idp.bl.uk", "data.idp.bl.uk", "bl.uk"],
  record_filename="image_record.jsonl",
  info_filename="temple_photo_info.md"
)
```

该工具会在浏览器上下文中批量提取当前页藏品 URL、解析官方 IIIF manifest、下载主图、按 title+hash 立即最终命名并写入 `image_record.jsonl` / `title.txt`，不要再对同一页逐个结果手动点击、逐张调用 LLM 决策。

批量工具会自动维护 `browseruse_agent_data/idp_progress.json`，其中包含下一次续跑应使用的 `next_page` 和 `next_index`。断点续跑时必须优先相信这个进度文件，不要仅凭最大图片序号猜测页码。

续跑必须按 `idp_progress.json` 的页码顺序递增处理；不要自行跳到 page 999、page 5000 或其他极深页。如果某一页批量工具 0 新增、manifest 大量失败或超时，应记录该页失败并进入下一页继续批量处理，不要退化为逐个点击详情页。

如果批量工具报告当前页有个别藏品失败，再对失败项按以下单项流程处理：

1. 打开第一个未处理的详情页。
2. 提取标题、详情页 URL、馆藏号、作者/制作者、年代、地点、分类、说明文字。
3. 确认页面与 `china_buddhist` 或中国佛教语境有关。只要标题、说明、地点、来源、相关寺院、英文说明中的 `China`、`Chinese`、`Buddhist`、`Buddhism`、`Buddhist temple`、`monastery`、`cave temple`、`佛教`、`佛`、`寺`、`中国` 等字段存在相关证据，即可视为相关。
4. 优先在详情页 DOM 中查找可打开的大图、IIIF 图片、viewer 图片、download image 链接或缩略图对应的大图 URL。
5. 如果详情页包含多张相关图片，按页面图片顺序逐张保存；如果只需要单张，保存主图。
6. 如果需要人工确认页面内容，可以用 `evaluate` 查询当前页面 DOM，提取页面标题、详情信息、说明文字、图片链接、viewer 中的图片 URL 和下载按钮链接。
7. 当前详情页处理完成后，返回搜索结果页，继续下一个结果。
8. 当前页处理完后，如果总保存数量仍不足 5000，必须用 `navigate_idp_search_page(keyword="china_buddhist", page=下一页, limit=50)` 跳转，不要手写搜索 URL。

## 图片保存规则

优先保存详情页或图片查看器中的最大可用图片。有效图片可能来自：

```text
IDP / British Library 官方详情页中的 img src
IIIF image URL
viewer 使用的大图 URL
download image 链接
缩略图对应的大图 URL
```

每张图片保存到项目根目录的 `image` 目录，文件名序号从 `temple_001` 开始递增到 `temple_5000`。不能手动重置到 1；必须使用当前下一安全序号，确保不会覆盖已有图片。

保存要求：

1. 如果一页有多张相关大图，按页面图片顺序保存，例如 `temple_001`、`temple_002`。
2. 优先保存原始图片字节或网站提供的大图；到达详情页或 viewer 后应直接调用 `download_image_from_url`，不要停留在图片页反复滚动。
3. `download_image_from_url` 会按学习到的顺序尝试 Python 直连、浏览器上下文 fetch、干净截图裁剪兜底；如果传入的是 IDP 详情页 URL、IIIF manifest URL 或 IIIF 大图 URL，工具会优先解析真实大图 URL 并检查是否已有记录；如果工具提示“图片 URL 已有下载记录”“图片内容已有下载记录”或“image 目录中已存在相同图片内容”，视为当前图片已处理成功，直接继续下一条。
4. 如果工具返回普通失败（包括图片文件过小、尺寸过小、像素几乎单色、非法 IDP 详情页 URL），不要反复 scroll，重试 1 次后跳过当前图片并继续下一条。
5. 不要保存缩略图；如果只能看到缩略图，优先打开详情页大图、viewer 或下载链接。
6. 不要下载 PDF、视频、音频或网页附件。
7. 不要为了达到 n 张而保存无关图片或页面截图。

## 写入结构化记录

到达详情页、viewer 或已经拿到图片 URL 后，每张图片立即调用：

```text
download_image_from_url(
  sequence=当前下一安全序号（必须确认没有被使用，不能重置为 1）,
  file_name="temple_当前序号",
  title="china_buddhist_当前序号_藏品标题_图1",
  collection_title="页面显示的藏品标题",
  page_url="当前详情页 URL",
  image_url="从 DOM、viewer、IIIF manifest、IIIF 大图或下载链接提取到的完整 URL；如果尚未提取到可留空让工具自动找图",
  evidence="标题/说明/地点/来源中与 china_buddhist 相关的证据",
  metadata="作者、时代、地点、分类、馆藏号；没有就写未显示",
  summary="图片内容和相关信息的中文简述",
  allowed_host_suffixes=["idp.bl.uk", "data.idp.bl.uk", "bl.uk"],
  record_filename="image_record.jsonl",
  info_filename="temple_photo_info.md"
)
```

只有图片已经用其他可靠方式保存到 `image` 目录时，才单独调用 `record_downloaded_image`；不要把 `record_downloaded_image` 当作下载工具，它只负责记录已存在的文件。

标题要求：

1. 一张图片只写一行标题。
2. 只有图片成功保存后才写标题。
3. 不要提前批量写标题。
4. 不要手动写 `title.txt` 或 `END`，`record_downloaded_image` 和程序收尾会自动处理。
5. 不要使用 `write_file` 记录标题，不要手动追加 `temple_photo_info.md`。
6. 标题应简短、稳定，避免方括号、引号、斜杠、冒号、问号、句号结尾等特殊字符。
7. 推荐格式：

```text
china_buddhist_001_藏品标题_图1
china_buddhist_002_藏品标题_图2
```

## 提取并保存信息

`record_downloaded_image` 会自动根据 `image_record.jsonl` 重写：

```text
title.txt
temple_photo_info.md
```

每条记录必须包含：

| 字段 | 要求 |
|---|---|
| 序号 | 与图片保存顺序一致 |
| 保存文件名 | 例如 `temple_001.jpg`，或保存工具返回的实际文件名 |
| 重命名标题 | 最终文件名使用的标题；`title.txt` 仅同步导出 |
| 藏品标题 | 页面显示的作品名 |
| 藏品 URL | 当前详情页 URL |
| 图片 URL | DOM、viewer、IIIF 或下载链接中的完整图片 URL；截图兜底时写详情页 URL |
| 相关证据 | 说明为什么判断它和关键词 `china_buddhist` 相关 |
| 作者/时代/地点/分类/馆藏号 | 页面有就记录，没有就写“未显示” |
| 简短说明 | 用中文概括图片内容和相关信息 |

不要手动维护 Markdown 表格格式；只要传入字段即可。该文件会位于 `browseruse_agent_data/temple_photo_info.md`。

## 失败和跳过规则

遇到以下情况必须跳过当前图片或当前详情页，不要卡住：

1. 页面没有可见馆藏图片。
2. 图片只显示为很小的缩略图，无法打开大图。
3. 图片保存失败，重试 1 次仍失败。
4. 同一详情页 URL、同一 manifest URL、同一图片 URL、同一图片内容或断点续跑上下文中列出的任一记录已经处理过。
5. 页面需要登录、付费或出现人机验证。
6. 页面明显与关键词 `china_buddhist` 或中国佛教语境无关。
7. 连续出现 `browser not connected`、`No valid agent focus available`、`target may have detached` 或空白 SPA 页面时，不要继续循环恢复；调用 `done` 报告需要重启浏览器会话，并保留已下载记录。
8. 当 `download_current_idp_search_page_images` 返回的错误以 `[idp_session_corrupted]`、`[idp_extract_failed]`、`[idp_empty_page]` 或 `[idp_batch_unhandled_error]` 开头，**禁止再调用批量工具、navigate_idp_search_page 之外的任何浏览器操作来"绕过"**；必须立刻调用 `finish_download_task` 结束本次会话，最终数字由 `image_record.jsonl` / `idp_progress.json` 决定。
9. **禁止"手动 fallback"**：批量工具失败后，不允许通过点击 `/collection/<id>/` 详情页链接、打开 IIIF manifest 新 tab、用 `evaluate` 扫 DOM 的方式自行下载图片。手动方式会污染浏览器上下文，反过来让批量工具持续报 JS 异常。

如果遇到人机验证，不要自动绕过，只在最终结果中报告需要人工处理。

## 明确禁止

- 默认运行模式下，IDP 搜索 + 通用下载之外的旧工具（LOC / Kyohaku 等）不会注册；如果需要启用，必须由部署者显式设置环境变量 `BROWSER_USE_ENABLE_LEGACY_TOOLS=1`。Agent 自身永远不要尝试调用这些旧工具。
- 不要在已提取到 IIIF / viewer / download image URL 后继续点击下载按钮或反复 scroll；直接调用 `download_image_from_url`。
- 不要在 IDP 搜索结果页逐个点开 50 个结果；必须先调用 `download_current_idp_search_page_images` 批量处理当前页。
- 不要因为某页重复或失败就跳到 page 999 / page 5000；只能按进度文件顺序递增页码。
- 不要手写 IDP 搜索分页 URL；必须使用 `navigate_idp_search_page`。
- 不要使用 `evaluate(code="自定义工具(...)")` 的写法调用工具。
- 不要使用 `write_file` 记录标题或信息表。
- 不要访问非官方图片搜索引擎、社交媒体或无关外站。
- 不要下载 PDF、视频、音频或网页附件。
- 不要重复下载同一张图。
- 不要为了达到 n 张而保存无关图片或页面截图。

## 完成标准

不要直接调用内置 `done`。结束任务必须调用 `finish_download_task(target_count=5000, record_filename="image_record.jsonl", title_filename="title.txt")`，它会用程序生成的确定性报告结束任务，避免最终报告出现乱码或占位符。

满足任一条件后，必须先调用 `validate_download_completion(target_count=5000, record_filename="image_record.jsonl", title_filename="title.txt")`：

1. 已成功保存 5000 张与关键词 `china_buddhist` 相关的图片，并完成 `title.txt` 与 `temple_photo_info.md`。
2. 已处理完所有搜索结果页，但不足 5000 张；报告实际保存数量、跳过原因和未完成原因。
3. 网站无法访问、数据库不可用或遇到必须人工处理的人机验证。

如果 `validate_download_completion` 显示 `Final download validation: INCOMPLETE` 且 `remaining_records_needed` 大于 0，不要结束任务，继续扫描后续搜索结果并下载新图片。只有校验报告显示 `Final download validation: SUCCESS`，或已经确认所有搜索结果处理完/网站不可继续访问，才调用 `finish_download_task`。

最终输出必须完全来自 `finish_download_task` 返回的英文 ASCII 确定性报告；不要自己估算、不要写"约 50+"、"DD+"、"4DD error" 等占位符或不合法 HTTP 状态码，不要额外扩写分析段落、玩笑、乱码、字母列表或主观总结。**特别禁止编造"Pages 2-4 (+134)、Page 8 (+45)"之类的分页分布表**：所有页号 / 张数必须来自 `idp_page_progress.json` 与 `image_record.jsonl` 真实记录，没有真实记录就不要写。

最终报告必须包含：

1. 成功保存图片数量。
2. 写入 `title.txt` 的标题数量。
3. `browseruse_agent_data/image_record.jsonl` 和 `browseruse_agent_data/temple_photo_info.md` 是否已写入。
4. 成功图片列表：序号、藏品标题、详情页 URL、保存文件名。
5. 跳过列表：关键词或 URL、跳过原因。[0m
2026-06-17 11:21:17,795 - DEBUG    [browser_use.Agent🅰 56e2 ⇢ 🅑 f81e 🅣 --] 🤖 Browser-Use Library Version 0.11.9 (pip)
2026-06-17 11:21:20,868 - DEBUG    [browser_use.Agent🅰 56e2 ⇢ 🅑 f81e 🅣 --] 🔧 Agent setup: Agent Session ID 0e8f, Task ID 56e2, Browser Session ID f81e (launching local browser)
2026-06-17 11:21:20,868 - DEBUG    [browser_use.Agent🅰 56e2 ⇢ 🅑 f81e 🅣 --] 📡 Dispatching CreateAgentSessionEvent...
2026-06-17 11:21:20,868 - DEBUG    [browser_use.Agent🅰 56e2 ⇢ 🅑 f81e 🅣 --] 📡 Dispatching CreateAgentTaskEvent...
2026-06-17 11:21:20,868 - INFO     [Agent] Starting a browser-use agent with version 0.11.9, with provider=openai and model=qwen3.5-397b-a17b
2026-06-17 11:21:20,869 - DEBUG    [browser_use.BrowserSession🅑 f81e 🅣 [91m--[0m] 🚌 [BrowserSession.on_BrowserStartEvent(#b50d)]           ⏳ Starting...       👈 by Agent 
2026-06-17 11:21:20,904 - DEBUG    [browser_use.BrowserSession🅑 f81e 🅣 [91m--[0m] 📄 PDF auto-download enabled for this session
2026-06-17 11:21:20,904 - DEBUG    [browser_use.BrowserSession🅑 f81e 🅣 [91m--[0m] 🍪 StorageStateWatchdog enabled (storage_state: False, user_data_dir: True)
2026-06-17 11:21:20,904 - DEBUG    [browser_use.BrowserSession🅑 f81e 🅣 [91m--[0m] 🚀 PopupsWatchdog initialized with browser_session=BrowserSession🅑 f81e 🅣 [91m--[0m, ID=3089281790384
2026-06-17 11:21:20,905 - DEBUG    [browser_use.BrowserSession🅑 f81e 🅣 [91m--[0m] 🚌 [DownloadsWatchdog.on_BrowserLaunchEvent(#6aaa)]       ⏳ Starting...       ↲  triggered by on_BrowserStartEvent#b50d 👈 by Agent
2026-06-17 11:21:20,905 - DEBUG    [browser_use.BrowserSession🅑 f81e 🅣 [91m--[0m] [DownloadsWatchdog] Received BrowserLaunchEvent, EventBus ID: 3089229064496
2026-06-17 11:21:20,907 - DEBUG    [browser_use.BrowserSession🅑 f81e 🅣 [91m--[0m] [DownloadsWatchdog] Ensured downloads directory exists: D:\desktop\1\browser-use-main\Images\ImagesCache
2026-06-17 11:21:20,907 - DEBUG    [browser_use.BrowserSession🅑 f81e 🅣 [91m--[0m] 🚌 [DownloadsWatchdog.on_BrowserLaunchEvent(#6aaa)]       Succeeded (0.00s) ⤴  returned to  on_BrowserStartEvent#b50d
2026-06-17 11:21:20,907 - DEBUG    [browser_use.BrowserSession🅑 f81e 🅣 [91m--[0m] 🚌 [LocalBrowserWatchdog.on_BrowserLaunchEvent(#6aaa)]    ⏳ Starting...       ↲  triggered by on_BrowserStartEvent#b50d 👈 by Agent
2026-06-17 11:21:20,907 - DEBUG    [browser_use.BrowserSession🅑 f81e 🅣 [91m--[0m] [LocalBrowserWatchdog] Received BrowserLaunchEvent, launching local browser...
2026-06-17 11:21:20,908 - DEBUG    [browser_use.BrowserSession🅑 f81e 🅣 [91m--[0m] [LocalBrowserWatchdog] 📦 Found local browser installed at executable_path= C:\Program Files\Google\Chrome\Application\chrome.exe
2026-06-17 11:21:20,908 - DEBUG    [browser_use.BrowserSession🅑 f81e 🅣 [91m--[0m] [LocalBrowserWatchdog] 🚀 Launching browser subprocess with 59 args...
2026-06-17 11:21:20,908 - DEBUG    [browser_use.BrowserSession🅑 f81e 🅣 [91m--[0m] [LocalBrowserWatchdog] 📂 user_data_dir=C:\Users\wxl53\AppData\Local\Temp\browser-use-user-data-dir-v_ifqjme, profile_directory=Default
2026-06-17 11:21:20,917 - DEBUG    [browser_use.BrowserSession🅑 f81e 🅣 [91m--[0m] [LocalBrowserWatchdog] 🎭 Browser running with browser_pid= 47792 🔗 listening on CDP port :60653
2026-06-17 11:21:21,436 - DEBUG    [browser_use.BrowserSession🅑 f81e 🅣 [91m--[0m] 🚌 [LocalBrowserWatchdog.on_BrowserLaunchEvent(#6aaa)]    Succeeded (0.53s) ➡️ <BrowserLaunchResult> ⤴  returned to  on_BrowserStartEvent#b50d
2026-06-17 11:21:21,470 - DEBUG    [browser_use.BrowserSession🅑 f81e 🅣 [91m--[0m] Raw version info: <Response [200 OK]>
2026-06-17 11:21:21,476 - DEBUG    [browser_use.BrowserSession🅑 f81e 🅣 [91m--[0m] 🌎 Connecting to existing chromium-based browser via CDP: ws://127.0.0.1:60653/devtools/browser/4ae9b0a6-519a-4bb3-baf6-b9c9840b7689 -> (local browser)
2026-06-17 11:21:21,710 - DEBUG    [browser_use.BrowserSession🅑 f81e 🅣 [91m--[0m] [SessionManager] Event monitoring started
2026-06-17 11:21:21,710 - DEBUG    [browser_use.BrowserSession🅑 f81e 🅣 [91m--[0m] [SessionManager] Discovered 1 existing targets
2026-06-17 11:21:21,711 - DEBUG    [browser_use.BrowserSession🅑 f81e 🅣 [91m--[0m] [SessionManager] Target attached: 724B4781... (session=922F4A86..., type=page, waitingForDebugger=False)
2026-06-17 11:21:21,711 - DEBUG    [browser_use.BrowserSession🅑 f81e 🅣 [91m--[0m] [SessionManager] Created target 724B4781... (type=page)
2026-06-17 11:21:21,711 - DEBUG    [browser_use.BrowserSession🅑 f81e 🅣 [91m--[0m] [SessionManager] Created session 922F4A86... for target 724B4781... (total sessions: 1)
2026-06-17 11:21:21,767 - DEBUG    [browser_use.BrowserSession🅑 f81e 🅣 [91m--[0m] Event-driven session manager started
2026-06-17 11:21:21,767 - DEBUG    [browser_use.BrowserSession🅑 f81e 🅣 [91m--[0m] [SessionManager] Target attached: 724B4781... (session=F788B850..., type=page, waitingForDebugger=False)
2026-06-17 11:21:21,767 - DEBUG    [browser_use.BrowserSession🅑 f81e 🅣 [91m--[0m] CDP client connected with auto-attach enabled
2026-06-17 11:21:21,767 - DEBUG    [browser_use.BrowserSession🅑 f81e 🅣 [91m--[0m] 🔄 Redirecting chrome://newtab/ to about:blank for target 724B47812F0E7B0650B39558B22A6AE5
2026-06-17 11:21:21,767 - DEBUG    [browser_use.BrowserSession🅑 f81e 🅣 [91m--[0m] [SessionManager] Created session F788B850... for target 724B4781... (total sessions: 2)
2026-06-17 11:21:21,776 - DEBUG    [browser_use.BrowserSession🅑 f81e 🅣 [91m--[0m] 📄 Using existing page: 724B47812F0E7B0650B39558B22A6AE5
2026-06-17 11:21:21,776 - DEBUG    [browser_use.BrowserSession🅑 f81e 🅣 [91m--[0m] [SessionManager] Switching focus: None... → 724B4781...
2026-06-17 11:21:21,832 - DEBUG    [browser_use.BrowserSession🅑 f81e 🅣 E5] 📄 Agent focus set to 724B4781...
2026-06-17 11:21:21,832 - DEBUG    [browser_use.BrowserSession🅑 f81e 🅣 E5] Proxy credentials not provided; skipping proxy auth setup
2026-06-17 11:21:21,832 - DEBUG    [browser_use.BrowserSession🅑 f81e 🅣 E5] Dispatching TabCreatedEvent for initial tab 0: about:blank
2026-06-17 11:21:21,832 - DEBUG    [browser_use.BrowserSession🅑 f81e 🅣 E5] Initial agent focus set to tab 0: about:blank
2026-06-17 11:21:21,833 - DEBUG    [browser_use.BrowserSession🅑 f81e 🅣 E5] 🚌 [BrowserSession.on_BrowserStartEvent(#b50d)]           Succeeded (0.96s) ➡️ <dict> 👉 returned to  Agent
2026-06-17 11:21:21,834 - DEBUG    [browser_use.BrowserSession🅑 f81e 🅣 E5] 🚌 [BrowserSession.on_TabCreatedEvent(#af29)]             ⏳ Starting...       ↲  triggered by on_BrowserStartEvent#b50d 👈 by Agent
2026-06-17 11:21:21,834 - DEBUG    [browser_use.BrowserSession🅑 f81e 🅣 E5] 🚌 [BrowserSession.on_TabCreatedEvent(#af29)]             Succeeded (0.00s) ⤴  returned to  on_BrowserStartEvent#b50d
2026-06-17 11:21:21,834 - DEBUG    [browser_use.BrowserSession🅑 f81e 🅣 E5] 🚌 [DownloadsWatchdog.on_TabCreatedEvent(#af29)]          ⏳ Starting...       ↲  triggered by on_BrowserStartEvent#b50d 👈 by Agent
2026-06-17 11:21:21,836 - INFO     [BrowserSession] [DownloadsWatchdog] Lightweight downloads enabled; saving downloads to D:\desktop\1\browser-use-main\Images\ImagesCache without event tracking
2026-06-17 11:21:21,836 - DEBUG    [browser_use.BrowserSession🅑 f81e 🅣 E5] 🚌 [DownloadsWatchdog.on_TabCreatedEvent(#af29)]          Succeeded (0.00s) ⤴  returned to  on_BrowserStartEvent#b50d
2026-06-17 11:21:21,836 - DEBUG    [browser_use.BrowserSession🅑 f81e 🅣 E5] 🚌 [SecurityWatchdog.on_TabCreatedEvent(#af29)]           ⏳ Starting...       ↲  triggered by on_BrowserStartEvent#b50d 👈 by Agent
2026-06-17 11:21:21,836 - DEBUG    [browser_use.BrowserSession🅑 f81e 🅣 E5] 🚌 [SecurityWatchdog.on_TabCreatedEvent(#af29)]           Succeeded (0.00s) ⤴  returned to  on_BrowserStartEvent#b50d
2026-06-17 11:21:21,837 - DEBUG    [browser_use.BrowserSession🅑 f81e 🅣 E5] 🚌 [AboutBlankWatchdog.on_TabCreatedEvent(#af29)]         ⏳ Starting...       ↲  triggered by on_BrowserStartEvent#b50d 👈 by Agent
2026-06-17 11:21:21,840 - DEBUG    [browser_use.BrowserSession🅑 f81e 🅣 E5] 🚌 [AboutBlankWatchdog.on_TabCreatedEvent(#af29)]         Succeeded (0.00s) ⤴  returned to  on_BrowserStartEvent#b50d
2026-06-17 11:21:21,841 - DEBUG    [browser_use.BrowserSession🅑 f81e 🅣 E5] 🚌 [PopupsWatchdog.on_TabCreatedEvent(#af29)]             ⏳ Starting...       ↲  triggered by on_BrowserStartEvent#b50d 👈 by Agent
2026-06-17 11:21:21,841 - DEBUG    [browser_use.BrowserSession🅑 f81e 🅣 E5] 🎯 PopupsWatchdog received TabCreatedEvent for target 724B47812F0E7B0650B39558B22A6AE5
2026-06-17 11:21:21,841 - DEBUG    [browser_use.BrowserSession🅑 f81e 🅣 E5] 📌 Starting dialog handler setup for target 724B47812F0E7B0650B39558B22A6AE5
2026-06-17 11:21:21,841 - DEBUG    [browser_use.BrowserSession🅑 f81e 🅣 E5] ✅ Enabled Page domain for session BD284A89
2026-06-17 11:21:21,841 - DEBUG    [browser_use.BrowserSession🅑 f81e 🅣 E5] 📌 Also registering handler on root CDP client
2026-06-17 11:21:21,843 - DEBUG    [browser_use.BrowserSession🅑 f81e 🅣 E5] Failed to enable Page domain on root: {'code': -32601, 'message': "'Page.enable' wasn't found"}
2026-06-17 11:21:21,843 - DEBUG    [browser_use.BrowserSession🅑 f81e 🅣 E5] Successfully registered Page.javascriptDialogOpening handler for session 922F4A861BC1099CB9D69674BD284A89
2026-06-17 11:21:21,843 - DEBUG    [browser_use.BrowserSession🅑 f81e 🅣 E5] Successfully registered dialog handler on root CDP client for all frames
2026-06-17 11:21:21,843 - DEBUG    [browser_use.BrowserSession🅑 f81e 🅣 E5] Set up JavaScript dialog handling for tab 724B47812F0E7B0650B39558B22A6AE5
2026-06-17 11:21:21,843 - DEBUG    [browser_use.BrowserSession🅑 f81e 🅣 E5] 🚌 [PopupsWatchdog.on_TabCreatedEvent(#af29)]             Succeeded (0.00s) ⤴  returned to  on_BrowserStartEvent#b50d
2026-06-17 11:21:21,843 - DEBUG    [browser_use.BrowserSession🅑 f81e 🅣 E5] 🚌 [DOMWatchdog.on_TabCreatedEvent(#af29)]                ⏳ Starting...       ↲  triggered by on_BrowserStartEvent#b50d 👈 by Agent
2026-06-17 11:21:21,843 - DEBUG    [browser_use.BrowserSession🅑 f81e 🅣 E5] 🚌 [DOMWatchdog.on_TabCreatedEvent(#af29)]                Succeeded (0.00s) ⤴  returned to  on_BrowserStartEvent#b50d
2026-06-17 11:21:21,844 - DEBUG    [browser_use.BrowserSession🅑 f81e 🅣 E5] 🚌 [BrowserSession.on_AgentFocusChangedEvent(#e4a0)]      ⏳ Starting...       ↲  triggered by on_BrowserStartEvent#b50d 👈 by Agent
2026-06-17 11:21:21,844 - DEBUG    [browser_use.BrowserSession🅑 f81e 🅣 E5] 🔄 AgentFocusChangedEvent received: target_id=...6AE5 url=about:blank
2026-06-17 11:21:21,844 - DEBUG    [browser_use.BrowserSession🅑 f81e 🅣 E5] 🔄 Cached browser state cleared
2026-06-17 11:21:21,846 - DEBUG    [browser_use.BrowserSession🅑 f81e 🅣 E5] 🚌 [BrowserSession.on_AgentFocusChangedEvent(#e4a0)]      Succeeded (0.00s) ⤴  returned to  on_BrowserStartEvent#b50d
2026-06-17 11:21:21,846 - DEBUG    [browser_use.BrowserSession🅑 f81e 🅣 E5] 🚌 [RecordingWatchdog.on_AgentFocusChangedEvent(#e4a0)]   ⏳ Starting...       ↲  triggered by on_BrowserStartEvent#b50d 👈 by Agent
2026-06-17 11:21:21,846 - DEBUG    [browser_use.BrowserSession🅑 f81e 🅣 E5] 🚌 [RecordingWatchdog.on_AgentFocusChangedEvent(#e4a0)]   Succeeded (0.00s) ⤴  returned to  on_BrowserStartEvent#b50d
2026-06-17 11:21:21,846 - DEBUG    [browser_use.BrowserSession🅑 f81e 🅣 E5] 🚌 [StorageStateWatchdog.on_BrowserConnectedEvent(#7b48)] ⏳ Starting...       ↲  triggered by on_BrowserStartEvent#b50d 👈 by Agent
2026-06-17 11:21:21,847 - DEBUG    [browser_use.BrowserSession🅑 f81e 🅣 E5] [StorageStateWatchdog] 🍪 Initializing auth/cookies sync <-> with storage_state.json file
2026-06-17 11:21:21,847 - DEBUG    [browser_use.BrowserSession🅑 f81e 🅣 E5] 🚌 [StorageStateWatchdog.on_LoadStorageStateEvent(#18d5)] ⏳ Starting...       ↲  triggered by on_BrowserConnectedEvent#7b48 ↲  under BrowserStartEvent#b50d
2026-06-17 11:21:21,847 - DEBUG    [browser_use.BrowserSession🅑 f81e 🅣 E5] 🚌 [StorageStateWatchdog.on_LoadStorageStateEvent(#18d5)] Succeeded (0.00s) ⤴  returned to  on_BrowserConnectedEvent#7b48
2026-06-17 11:21:21,847 - DEBUG    [browser_use.BrowserSession🅑 f81e 🅣 E5] 🚌 [StorageStateWatchdog.on_BrowserConnectedEvent(#7b48)] Succeeded (0.00s) ⤴  returned to  on_BrowserStartEvent#b50d
2026-06-17 11:21:21,848 - DEBUG    [browser_use.BrowserSession🅑 f81e 🅣 E5] 🚌 [PermissionsWatchdog.on_BrowserConnectedEvent(#7b48)]  ⏳ Starting...       ↲  triggered by on_BrowserStartEvent#b50d 👈 by Agent
2026-06-17 11:21:21,848 - DEBUG    [browser_use.BrowserSession🅑 f81e 🅣 E5] 🔓 Granting browser permissions: ['clipboardReadWrite', 'notifications']
2026-06-17 11:21:21,849 - DEBUG    [browser_use.BrowserSession🅑 f81e 🅣 E5] ✅ Successfully granted permissions: ['clipboardReadWrite', 'notifications']
2026-06-17 11:21:21,849 - DEBUG    [browser_use.BrowserSession🅑 f81e 🅣 E5] 🚌 [PermissionsWatchdog.on_BrowserConnectedEvent(#7b48)]  Succeeded (0.00s) ⤴  returned to  on_BrowserStartEvent#b50d
2026-06-17 11:21:21,850 - DEBUG    [browser_use.BrowserSession🅑 f81e 🅣 E5] 🚌 [RecordingWatchdog.on_BrowserConnectedEvent(#7b48)]    ⏳ Starting...       ↲  triggered by on_BrowserStartEvent#b50d 👈 by Agent
2026-06-17 11:21:21,850 - DEBUG    [browser_use.BrowserSession🅑 f81e 🅣 E5] 🚌 [RecordingWatchdog.on_BrowserConnectedEvent(#7b48)]    Succeeded (0.00s) ⤴  returned to  on_BrowserStartEvent#b50d
2026-06-17 11:21:21,850 - DEBUG    [browser_use.Agent🅰 56e2 ⇢ 🅑 f81e 🅣 E5] 🔄 Starting main execution loop with max 100000 steps (currently at step 1)...
2026-06-17 11:21:21,850 - DEBUG    [browser_use.Agent🅰 56e2 ⇢ 🅑 f81e 🅣 E5] 🚶 Starting step 1/100000...
2026-06-17 11:21:21,851 - DEBUG    [browser_use.Agent🅰 56e2 ⇢ 🅑 f81e 🅣 E5] 🌐 Step 1: Getting browser state...
2026-06-17 11:21:21,851 - DEBUG    [browser_use.Agent🅰 56e2 ⇢ 🅑 f81e 🅣 E5] 📸 Requesting browser state with include_screenshot=True
2026-06-17 11:21:21,851 - DEBUG    [browser_use.BrowserSession🅑 f81e 🅣 E5] 🚌 [DownloadsWatchdog.on_BrowserStateRequestEvent(#d944)] ⏳ Starting...       👈 by Agent 
2026-06-17 11:21:21,852 - DEBUG    [browser_use.BrowserSession🅑 f81e 🅣 E5] [DownloadsWatchdog] Lightweight downloads enabled; skipping BrowserStateRequestEvent d944
2026-06-17 11:21:21,852 - DEBUG    [browser_use.BrowserSession🅑 f81e 🅣 E5] 🚌 [DownloadsWatchdog.on_BrowserStateRequestEvent(#d944)] Succeeded (0.00s) 👉 returned to  Agent
2026-06-17 11:21:21,852 - DEBUG    [browser_use.BrowserSession🅑 f81e 🅣 E5] 🚌 [DOMWatchdog.on_BrowserStateRequestEvent(#d944)]       ⏳ Starting...       👈 by Agent 
2026-06-17 11:21:21,852 - DEBUG    [browser_use.BrowserSession🅑 f81e 🅣 E5] 🔍 DOMWatchdog.on_BrowserStateRequestEvent: STARTING browser state request
2026-06-17 11:21:21,852 - DEBUG    [browser_use.BrowserSession🅑 f81e 🅣 E5] 🔍 DOMWatchdog.on_BrowserStateRequestEvent: Got page URL: about:blank
2026-06-17 11:21:21,852 - DEBUG    [browser_use.BrowserSession🅑 f81e 🅣 E5] Current page URL: about:blank, target_id: 724B47812F0E7B0650B39558B22A6AE5
2026-06-17 11:21:21,852 - DEBUG    [browser_use.BrowserSession🅑 f81e 🅣 E5] 🔍 DOMWatchdog.on_BrowserStateRequestEvent: Getting tabs info...
2026-06-17 11:21:21,852 - DEBUG    [browser_use.BrowserSession🅑 f81e 🅣 E5] 🔍 DOMWatchdog.on_BrowserStateRequestEvent: Got 1 tabs
2026-06-17 11:21:21,852 - DEBUG    [browser_use.BrowserSession🅑 f81e 🅣 E5] 🔍 DOMWatchdog.on_BrowserStateRequestEvent: Tabs info: [TabInfo(url='about:blank', title='', target_id='724B47812F0E7B0650B39558B22A6AE5', parent_target_id=None)]
2026-06-17 11:21:21,852 - DEBUG    [browser_use.BrowserSession🅑 f81e 🅣 E5] ⚡ Skipping BuildDOMTree for empty target: about:blank
2026-06-17 11:21:21,852 - DEBUG    [browser_use.BrowserSession🅑 f81e 🅣 E5] 📸 Not taking screenshot for empty page: about:blank (non-http/https URL)
2026-06-17 11:21:21,855 - DEBUG    [browser_use.BrowserSession🅑 f81e 🅣 E5] 🚌 [DOMWatchdog.on_BrowserStateRequestEvent(#d944)]       Succeeded (0.00s) ➡️ <BrowserStateSummary> 👉 returned to  Agent
2026-06-17 11:21:21,864 - DEBUG    [browser_use.Agent🅰 56e2 ⇢ 🅑 f81e 🅣 E5] 📸 Got browser state WITHOUT screenshot
2026-06-17 11:21:21,865 - INFO     [Agent] 

2026-06-17 11:21:21,865 - INFO     [Agent] 📍 Step 1:
2026-06-17 11:21:21,865 - DEBUG    [browser_use.Agent🅰 56e2 ⇢ 🅑 f81e 🅣 E5] Evaluating page with 0 interactive elements on: about:blank
2026-06-17 11:21:21,865 - DEBUG    [browser_use.Agent🅰 56e2 ⇢ 🅑 f81e 🅣 E5] 📝 Step 1: Updating action models...
2026-06-17 11:21:21,874 - DEBUG    [browser_use.Agent🅰 56e2 ⇢ 🅑 f81e 🅣 E5] 💬 Step 1: Creating state messages for context...
2026-06-17 11:21:21,874 - DEBUG    [browser_use.agent.message_manager.service] 
2026-06-17 11:21:21,875 - DEBUG    [browser_use.Agent🅰 56e2 ⇢ 🅑 f81e 🅣 E5] 🤖 Step 1: Calling LLM with 2 messages (model: qwen3.5-397b-a17b)...
2026-06-17 11:21:36,385 - DEBUG    [browser_use.tokens.service] Token cost service: model='qwen3.5-397b-a17b' timestamp=datetime.datetime(2026, 6, 17, 11, 21, 36, 385800) usage=ChatInvokeUsage(prompt_tokens=9249, prompt_cached_tokens=None, prompt_cache_creation_tokens=None, prompt_image_tokens=None, completion_tokens=479, total_tokens=9728)
2026-06-17 11:21:36,386 - DEBUG    [browser_use.Agent🅰 56e2 ⇢ 🅑 f81e 🅣 E5] 💡 Thinking:
The browser is currently on about:blank with an empty DOM. I need to navigate to the IDP website (https://idp.bl.uk/) to begin the task of searching for 'china_buddhist' and downloading 5000 related images. Since this is a complex multi-step task involving downloading 5000 images, I should first create a todo.md file to track progress, then navigate to the website.
2026-06-17 11:21:36,386 - INFO     [Agent]   ❔ Eval: Agent initialized - no previous action to evaluate.
2026-06-17 11:21:36,386 - INFO     [Agent]   🧠 Memory: Task started. Need to download 5000 china_buddhist related images from idp.bl.uk. Image directory exists at D:\desktop\1\browser-use-main\image. Will need to track progress carefully using todo.md and the built-in recording tools.
2026-06-17 11:21:36,386 - INFO     [Agent]   [34m🎯 Next goal: Create a todo.md file to track the multi-step download task, then navigate to https://idp.bl.uk/[0m
2026-06-17 11:21:36,386 - DEBUG    [browser_use.Agent🅰 56e2 ⇢ 🅑 f81e 🅣 E5] ⏳ get_next_action() took 14.51s
2026-06-17 11:21:36,386 - DEBUG    [browser_use.Agent🅰 56e2 ⇢ 🅑 f81e 🅣 E5] ✅ Step 1: Got LLM response with 1 actions
2026-06-17 11:21:36,386 - INFO     [Agent]   ▶️   [34mwrite_file[0m: [35mfile_name[0m: todo.md, [35mcontent[0m: # IDP china_buddhist Image Download Task

## Goal: Download 5000 images related to china_buddhist

## Tasks:
- [ ] Navigate to https://idp.bl.uk/ and ..., [35mappend[0m: False, [35mtrailing_newline[0m: True, [35mleading_newline[0m: False
2026-06-17 11:21:36,394 - DEBUG    [cost] 🧠 [96mqwen3.5-397b-a17b[0m | 📥 [93m9.2k[0m | 📤 [92m479[0m
2026-06-17 11:21:36,396 - INFO     [tools] 💾 Data written to file todo.md successfully. File location: D:\desktop\1\browser-use-main\browseruse_agent_data\todo.md
2026-06-17 11:21:36,396 - INFO     [Agent] 📋 Plan updated with 5 steps
2026-06-17 11:21:36,397 - DEBUG    [browser_use.Agent🅰 56e2 ⇢ 🅑 f81e 🅣 E5] 📸 No screenshot in browser_state_summary for step 1
2026-06-17 11:21:36,397 - DEBUG    [browser_use.Agent🅰 56e2 ⇢ 🅑 f81e 🅣 E5] 📍 Step 1: Ran 1 action in 14.55s: ✅ 1
2026-06-17 11:21:36,397 - DEBUG    [browser_use.agent.cloud_events] 📸 No screenshot in browser_state_summary for CreateAgentStepEvent
2026-06-17 11:21:36,398 - DEBUG    [browser_use.Agent🅰 56e2 ⇢ 🅑 f81e 🅣 E5] ⏳ step() took 14.55s
2026-06-17 11:21:36,398 - DEBUG    [browser_use.Agent🅰 56e2 ⇢ 🅑 f81e 🅣 E5] ✅ Completed step 1/100000
2026-06-17 11:21:36,399 - DEBUG    [browser_use.Agent🅰 56e2 ⇢ 🅑 f81e 🅣 E5] 🚶 Starting step 2/100000...
2026-06-17 11:21:36,399 - DEBUG    [browser_use.Agent🅰 56e2 ⇢ 🅑 f81e 🅣 E5] 🌐 Step 2: Getting browser state...
2026-06-17 11:21:36,399 - DEBUG    [browser_use.Agent🅰 56e2 ⇢ 🅑 f81e 🅣 E5] 📸 Requesting browser state with include_screenshot=True
2026-06-17 11:21:36,402 - DEBUG    [browser_use.BrowserSession🅑 f81e 🅣 E5] 🚌 [DownloadsWatchdog.on_BrowserStateRequestEvent(#8d49)] ⏳ Starting...       👈 by Agent 
2026-06-17 11:21:36,402 - DEBUG    [browser_use.BrowserSession🅑 f81e 🅣 E5] [DownloadsWatchdog] Lightweight downloads enabled; skipping BrowserStateRequestEvent 8d49
2026-06-17 11:21:36,402 - DEBUG    [browser_use.BrowserSession🅑 f81e 🅣 E5] 🚌 [DownloadsWatchdog.on_BrowserStateRequestEvent(#8d49)] Succeeded (0.00s) 👉 returned to  Agent
2026-06-17 11:21:36,402 - DEBUG    [browser_use.BrowserSession🅑 f81e 🅣 E5] 🚌 [DOMWatchdog.on_BrowserStateRequestEvent(#8d49)]       ⏳ Starting...       👈 by Agent 
2026-06-17 11:21:36,402 - DEBUG    [browser_use.BrowserSession🅑 f81e 🅣 E5] 🔍 DOMWatchdog.on_BrowserStateRequestEvent: STARTING browser state request
2026-06-17 11:21:36,403 - DEBUG    [browser_use.BrowserSession🅑 f81e 🅣 E5] 🔍 DOMWatchdog.on_BrowserStateRequestEvent: Got page URL: about:blank
2026-06-17 11:21:36,403 - DEBUG    [browser_use.BrowserSession🅑 f81e 🅣 E5] Current page URL: about:blank, target_id: 724B47812F0E7B0650B39558B22A6AE5
2026-06-17 11:21:36,403 - DEBUG    [browser_use.BrowserSession🅑 f81e 🅣 E5] 🔍 DOMWatchdog.on_BrowserStateRequestEvent: Getting tabs info...
2026-06-17 11:21:36,403 - DEBUG    [browser_use.BrowserSession🅑 f81e 🅣 E5] 🔍 DOMWatchdog.on_BrowserStateRequestEvent: Got 1 tabs
2026-06-17 11:21:36,403 - DEBUG    [browser_use.BrowserSession🅑 f81e 🅣 E5] 🔍 DOMWatchdog.on_BrowserStateRequestEvent: Tabs info: [TabInfo(url='about:blank', title='', target_id='724B47812F0E7B0650B39558B22A6AE5', parent_target_id=None)]
2026-06-17 11:21:36,403 - DEBUG    [browser_use.BrowserSession🅑 f81e 🅣 E5] ⚡ Skipping BuildDOMTree for empty target: about:blank
2026-06-17 11:21:36,403 - DEBUG    [browser_use.BrowserSession🅑 f81e 🅣 E5] 📸 Not taking screenshot for empty page: about:blank (non-http/https URL)
2026-06-17 11:21:36,405 - DEBUG    [browser_use.BrowserSession🅑 f81e 🅣 E5] 🚌 [DOMWatchdog.on_BrowserStateRequestEvent(#8d49)]       Succeeded (0.00s) ➡️ <BrowserStateSummary> 👉 returned to  Agent
2026-06-17 11:21:36,433 - DEBUG    [browser_use.Agent🅰 56e2 ⇢ 🅑 f81e 🅣 E5] 📸 Got browser state WITHOUT screenshot
2026-06-17 11:21:36,433 - INFO     [Agent] 

2026-06-17 11:21:36,433 - INFO     [Agent] 📍 Step 2:
2026-06-17 11:21:36,433 - DEBUG    [browser_use.Agent🅰 56e2 ⇢ 🅑 f81e 🅣 E5] Evaluating page with 0 interactive elements on: about:blank
2026-06-17 11:21:36,434 - DEBUG    [browser_use.Agent🅰 56e2 ⇢ 🅑 f81e 🅣 E5] 📝 Step 2: Updating action models...
2026-06-17 11:21:36,452 - DEBUG    [browser_use.Agent🅰 56e2 ⇢ 🅑 f81e 🅣 E5] 💬 Step 2: Creating state messages for context...
2026-06-17 11:21:36,453 - DEBUG    [browser_use.agent.message_manager.service] Added long_term_memory to action_results: Data written to file todo.md successfully.
2026-06-17 11:21:36,453 - DEBUG    [browser_use.agent.message_manager.service] 
2026-06-17 11:21:36,453 - DEBUG    [browser_use.Agent🅰 56e2 ⇢ 🅑 f81e 🅣 E5] 🤖 Step 2: Calling LLM with 2 messages (model: qwen3.5-397b-a17b)...
2026-06-17 11:21:43,803 - DEBUG    [browser_use.tokens.service] Token cost service: model='qwen3.5-397b-a17b' timestamp=datetime.datetime(2026, 6, 17, 11, 21, 43, 803436) usage=ChatInvokeUsage(prompt_tokens=9588, prompt_cached_tokens=None, prompt_cache_creation_tokens=None, prompt_image_tokens=None, completion_tokens=226, total_tokens=9814)
2026-06-17 11:21:43,803 - DEBUG    [browser_use.Agent🅰 56e2 ⇢ 🅑 f81e 🅣 E5] 💡 Thinking:
The browser is currently on about:blank with an empty DOM. The previous step created todo.md successfully. Now I need to navigate to https://idp.bl.uk/ as the first action. The page appears to be a SPA that hasn't loaded yet. I'll navigate to the IDP website first.
2026-06-17 11:21:43,803 - INFO     [Agent]   [32m👍 Eval: Successfully created todo.md file to track the download task. Verdict: Success[0m
2026-06-17 11:21:43,804 - INFO     [Agent]   🧠 Memory: Task initialized with todo.md created. Need to download 5000 china_buddhist images from idp.bl.uk. Browser is currently on about:blank, need to navigate to the target site.
2026-06-17 11:21:43,804 - INFO     [Agent]   [34m🎯 Next goal: Navigate to https://idp.bl.uk/ and wait for the page to load.[0m
2026-06-17 11:21:43,804 - DEBUG    [browser_use.Agent🅰 56e2 ⇢ 🅑 f81e 🅣 E5] ⏳ get_next_action() took 7.35s
2026-06-17 11:21:43,804 - DEBUG    [browser_use.Agent🅰 56e2 ⇢ 🅑 f81e 🅣 E5] ✅ Step 2: Got LLM response with 2 actions
2026-06-17 11:21:43,804 - INFO     [Agent]   ▶️  [1/2] [34mnavigate[0m: [35murl[0m: https://idp.bl.uk/, [35mnew_tab[0m: False
2026-06-17 11:21:43,805 - DEBUG    [cost] 🧠 [96mqwen3.5-397b-a17b[0m | 📥 [93m9.6k[0m | 📤 [92m226[0m
2026-06-17 11:21:43,807 - DEBUG    [browser_use.BrowserSession🅑 f81e 🅣 E5] 🚌 [BrowserSession.on_NavigateToUrlEvent(#ecba)]          ⏳ Starting...       👈 by Agent 
2026-06-17 11:21:43,807 - DEBUG    [browser_use.BrowserSession🅑 f81e 🅣 E5] [on_NavigateToUrlEvent] Received NavigateToUrlEvent: url=https://idp.bl.uk/, new_tab=False
2026-06-17 11:21:43,807 - DEBUG    [browser_use.BrowserSession🅑 f81e 🅣 E5] [on_NavigateToUrlEvent] Processing new_tab=False
2026-06-17 11:21:43,807 - DEBUG    [browser_use.BrowserSession🅑 f81e 🅣 E5] [on_NavigateToUrlEvent] Already on target tab 6AE5, skipping SwitchTabEvent
2026-06-17 11:21:45,606 - DEBUG    [browser_use.BrowserSession🅑 f81e 🅣 [91m--[0m] [SessionManager] Target attached: A0819009... (session=AA008F3B..., type=worker, waitingForDebugger=False)
2026-06-17 11:21:45,607 - DEBUG    [browser_use.BrowserSession🅑 f81e 🅣 [91m--[0m] [SessionManager] Target attached: A0819009... (session=3CB1553F..., type=worker, waitingForDebugger=False)
2026-06-17 11:21:45,607 - DEBUG    [browser_use.BrowserSession🅑 f81e 🅣 [91m--[0m] [SessionManager] Created target A0819009... (type=worker)
2026-06-17 11:21:45,607 - DEBUG    [browser_use.BrowserSession🅑 f81e 🅣 [91m--[0m] [SessionManager] Created session AA008F3B... for target A0819009... (total sessions: 3)
2026-06-17 11:21:45,610 - DEBUG    [browser_use.BrowserSession🅑 f81e 🅣 [91m--[0m] [SessionManager] Created session 3CB1553F... for target A0819009... (total sessions: 4)
2026-06-17 11:21:45,817 - DEBUG    [browser_use.BrowserSession🅑 f81e 🅣 [91m--[0m] [SessionManager] Target attached: 108A2563... (session=49DA6748..., type=iframe, waitingForDebugger=False)
2026-06-17 11:21:45,817 - DEBUG    [browser_use.BrowserSession🅑 f81e 🅣 [91m--[0m] [SessionManager] Target attached: 108A2563... (session=BDB40D12..., type=iframe, waitingForDebugger=False)
2026-06-17 11:21:45,818 - DEBUG    [browser_use.BrowserSession🅑 f81e 🅣 [91m--[0m] [SessionManager] Created target 108A2563... (type=iframe)
2026-06-17 11:21:45,818 - DEBUG    [browser_use.BrowserSession🅑 f81e 🅣 [91m--[0m] [SessionManager] Created session 49DA6748... for target 108A2563... (total sessions: 5)
2026-06-17 11:21:45,824 - DEBUG    [browser_use.BrowserSession🅑 f81e 🅣 [91m--[0m] [SessionManager] Created session BDB40D12... for target 108A2563... (total sessions: 6)
2026-06-17 11:21:47,173 - DEBUG    [browser_use.BrowserSession🅑 f81e 🅣 [91m--[0m] [SessionManager] Target attached: EF0DB9DA... (session=CE826657..., type=worker, waitingForDebugger=False)
2026-06-17 11:21:47,173 - DEBUG    [browser_use.BrowserSession🅑 f81e 🅣 [91m--[0m] [SessionManager] Target attached: EF0DB9DA... (session=D066E9EA..., type=worker, waitingForDebugger=False)
2026-06-17 11:21:47,173 - DEBUG    [browser_use.BrowserSession🅑 f81e 🅣 [91m--[0m] [SessionManager] Created target EF0DB9DA... (type=worker)
2026-06-17 11:21:47,174 - DEBUG    [browser_use.BrowserSession🅑 f81e 🅣 [91m--[0m] [SessionManager] Created session CE826657... for target EF0DB9DA... (total sessions: 7)
2026-06-17 11:21:47,174 - DEBUG    [browser_use.BrowserSession🅑 f81e 🅣 [91m--[0m] [SessionManager] Created session D066E9EA... for target EF0DB9DA... (total sessions: 8)
2026-06-17 11:21:48,315 - WARNING  [BrowserSession] ⚠️ Page readiness timeout (4.0s, 4500ms) for https://idp.bl.uk/
2026-06-17 11:21:48,315 - DEBUG    [browser_use.BrowserSession🅑 f81e 🅣 E5] Dispatching NavigationCompleteEvent for https://idp.bl.uk/ (tab #6AE5)
2026-06-17 11:21:48,316 - DEBUG    [browser_use.BrowserSession🅑 f81e 🅣 E5] 🚌 [DownloadsWatchdog.on_NavigationCompleteEvent(#8faa)]  ⏳ Starting...       ↲  triggered by on_NavigateToUrlEvent#ecba 👈 by Agent
2026-06-17 11:21:48,316 - DEBUG    [browser_use.BrowserSession🅑 f81e 🅣 E5] [DownloadsWatchdog] NavigationCompleteEvent received for https://idp.bl.uk/, tab #6AE5
2026-06-17 11:21:48,316 - DEBUG    [browser_use.BrowserSession🅑 f81e 🅣 E5] [DownloadsWatchdog] Got target_id=724B47812F0E7B0650B39558B22A6AE5 for tab #6AE5
2026-06-17 11:21:48,317 - DEBUG    [browser_use.BrowserSession🅑 f81e 🅣 E5] [DownloadsWatchdog] Checking if target 724B47812F0E7B0650B39558B22A6AE5 is PDF viewer...
2026-06-17 11:21:48,317 - DEBUG    [browser_use.BrowserSession🅑 f81e 🅣 E5] 🚌 [DownloadsWatchdog.on_NavigationCompleteEvent(#8faa)]  Succeeded (0.00s) ⤴  returned to  on_NavigateToUrlEvent#ecba
2026-06-17 11:21:48,318 - DEBUG    [browser_use.BrowserSession🅑 f81e 🅣 [91m--[0m] [SessionManager] Target attached: 2DDDFB90... (session=A642A9D9..., type=worker, waitingForDebugger=False)
2026-06-17 11:21:48,318 - DEBUG    [browser_use.BrowserSession🅑 f81e 🅣 [91m--[0m] [SessionManager] Target attached: 2DDDFB90... (session=4D63C8B0..., type=worker, waitingForDebugger=False)
2026-06-17 11:21:48,319 - DEBUG    [browser_use.BrowserSession🅑 f81e 🅣 E5] 🚌 [SecurityWatchdog.on_NavigationCompleteEvent(#8faa)]   ⏳ Starting...       ↲  triggered by on_NavigateToUrlEvent#ecba 👈 by Agent
2026-06-17 11:21:48,319 - DEBUG    [browser_use.BrowserSession🅑 f81e 🅣 E5] 🚌 [SecurityWatchdog.on_NavigationCompleteEvent(#8faa)]   Succeeded (0.00s) ⤴  returned to  on_NavigateToUrlEvent#ecba
2026-06-17 11:21:48,319 - DEBUG    [browser_use.BrowserSession🅑 f81e 🅣 [91m--[0m] [SessionManager] Created target 2DDDFB90... (type=worker)
2026-06-17 11:21:48,320 - DEBUG    [browser_use.BrowserSession🅑 f81e 🅣 [91m--[0m] [SessionManager] Created session A642A9D9... for target 2DDDFB90... (total sessions: 9)
2026-06-17 11:21:48,321 - DEBUG    [browser_use.BrowserSession🅑 f81e 🅣 [91m--[0m] [SessionManager] Created session 4D63C8B0... for target 2DDDFB90... (total sessions: 10)
2026-06-17 11:21:48,321 - DEBUG    [browser_use.BrowserSession🅑 f81e 🅣 [91m--[0m] [SessionManager] Session detached: target=2DDDFB90... session=A642A9D9... (remaining=1)
2026-06-17 11:21:48,321 - DEBUG    [browser_use.BrowserSession🅑 f81e 🅣 [91m--[0m] [SessionManager] Removed session A642A9D9... (remaining sessions: 9)
2026-06-17 11:21:48,321 - DEBUG    [browser_use.BrowserSession🅑 f81e 🅣 [91m--[0m] [SessionManager] Session detached: target=2DDDFB90... session=4D63C8B0... (remaining=0)
2026-06-17 11:21:48,322 - DEBUG    [browser_use.BrowserSession🅑 f81e 🅣 [91m--[0m] [SessionManager] No sessions remain for target 2DDDFB90..., removing target
2026-06-17 11:21:48,322 - DEBUG    [browser_use.BrowserSession🅑 f81e 🅣 [91m--[0m] [SessionManager] Removed target 2DDDFB90... (remaining targets: 4)
2026-06-17 11:21:48,322 - DEBUG    [browser_use.BrowserSession🅑 f81e 🅣 [91m--[0m] [SessionManager] Removed session 4D63C8B0... (remaining sessions: 8)
2026-06-17 11:21:48,322 - DEBUG    [browser_use.BrowserSession🅑 f81e 🅣 [91m--[0m] [SessionManager] Target 2DDDFB90... fully removed (type=worker) - not dispatching TabClosedEvent
2026-06-17 11:21:48,322 - DEBUG    [browser_use.BrowserSession🅑 f81e 🅣 E5] 🚌 [BrowserSession.on_AgentFocusChangedEvent(#17f3)]      ⏳ Starting...       ↲  triggered by on_NavigateToUrlEvent#ecba 👈 by Agent
2026-06-17 11:21:48,322 - DEBUG    [browser_use.BrowserSession🅑 f81e 🅣 E5] 🔄 AgentFocusChangedEvent received: target_id=...6AE5 url=https://idp.bl.uk/
2026-06-17 11:21:48,322 - DEBUG    [browser_use.BrowserSession🅑 f81e 🅣 E5] 🔄 Cached browser state cleared
2026-06-17 11:21:48,324 - DEBUG    [browser_use.BrowserSession🅑 f81e 🅣 [91m--[0m] [SessionManager] Session detached: target=EF0DB9DA... session=CE826657... (remaining=1)
2026-06-17 11:21:48,324 - DEBUG    [browser_use.BrowserSession🅑 f81e 🅣 [91m--[0m] [SessionManager] Removed session CE826657... (remaining sessions: 7)
2026-06-17 11:21:48,324 - DEBUG    [browser_use.BrowserSession🅑 f81e 🅣 [91m--[0m] [SessionManager] Session detached: target=EF0DB9DA... session=D066E9EA... (remaining=0)
2026-06-17 11:21:48,324 - DEBUG    [browser_use.BrowserSession🅑 f81e 🅣 [91m--[0m] [SessionManager] No sessions remain for target EF0DB9DA..., removing target
2026-06-17 11:21:48,324 - DEBUG    [browser_use.BrowserSession🅑 f81e 🅣 [91m--[0m] [SessionManager] Removed target EF0DB9DA... (remaining targets: 3)
2026-06-17 11:21:48,324 - DEBUG    [browser_use.BrowserSession🅑 f81e 🅣 [91m--[0m] [SessionManager] Removed session D066E9EA... (remaining sessions: 6)
2026-06-17 11:21:48,324 - DEBUG    [browser_use.BrowserSession🅑 f81e 🅣 [91m--[0m] [SessionManager] Target EF0DB9DA... fully removed (type=worker) - not dispatching TabClosedEvent
2026-06-17 11:21:48,325 - DEBUG    [browser_use.BrowserSession🅑 f81e 🅣 E5] 🚌 [BrowserSession.on_AgentFocusChangedEvent(#17f3)]      Succeeded (0.00s) ⤴  returned to  on_NavigateToUrlEvent#ecba
2026-06-17 11:21:48,326 - DEBUG    [browser_use.BrowserSession🅑 f81e 🅣 E5] 🚌 [RecordingWatchdog.on_AgentFocusChangedEvent(#17f3)]   ⏳ Starting...       ↲  triggered by on_NavigateToUrlEvent#ecba 👈 by Agent
2026-06-17 11:21:48,326 - DEBUG    [browser_use.BrowserSession🅑 f81e 🅣 E5] 🚌 [RecordingWatchdog.on_AgentFocusChangedEvent(#17f3)]   Succeeded (0.00s) ⤴  returned to  on_NavigateToUrlEvent#ecba
2026-06-17 11:21:48,326 - DEBUG    [browser_use.BrowserSession🅑 f81e 🅣 E5] 🚌 [BrowserSession.on_NavigateToUrlEvent(#ecba)]          Succeeded (4.52s) 👉 returned to  Agent
2026-06-17 11:21:48,327 - DEBUG    [browser_use.BrowserSession🅑 f81e 🅣 E5] 🚌 [SecurityWatchdog.on_NavigateToUrlEvent(#ecba)]        ⏳ Starting...       👈 by Agent 
2026-06-17 11:21:48,327 - DEBUG    [browser_use.BrowserSession🅑 f81e 🅣 E5] 🚌 [SecurityWatchdog.on_NavigateToUrlEvent(#ecba)]        Succeeded (0.00s) 👉 returned to  Agent
2026-06-17 11:21:48,328 - INFO     [tools] 🔗 Navigated to https://idp.bl.uk/
2026-06-17 11:21:48,328 - DEBUG    [browser_use.BrowserSession🅑 f81e 🅣 E5] ⏳ execute_action() took 4.52s
2026-06-17 11:21:48,328 - INFO     [Agent] Action "navigate" terminates sequence — skipping 1 remaining action(s)
2026-06-17 11:21:48,328 - DEBUG    [browser_use.Agent🅰 56e2 ⇢ 🅑 f81e 🅣 E5] ⏳ multi_act() took 4.52s
2026-06-17 11:21:48,329 - DEBUG    [browser_use.Agent🅰 56e2 ⇢ 🅑 f81e 🅣 E5] 📸 No screenshot in browser_state_summary for step 2
2026-06-17 11:21:48,329 - DEBUG    [browser_use.Agent🅰 56e2 ⇢ 🅑 f81e 🅣 E5] 📍 Step 2: Ran 1 action in 11.93s: ✅ 1
2026-06-17 11:21:48,329 - DEBUG    [browser_use.agent.cloud_events] 📸 No screenshot in browser_state_summary for CreateAgentStepEvent
2026-06-17 11:21:48,329 - DEBUG    [browser_use.Agent🅰 56e2 ⇢ 🅑 f81e 🅣 E5] ⏳ step() took 11.93s
2026-06-17 11:21:48,329 - DEBUG    [browser_use.Agent🅰 56e2 ⇢ 🅑 f81e 🅣 E5] ✅ Completed step 2/100000
2026-06-17 11:21:48,329 - DEBUG    [browser_use.Agent🅰 56e2 ⇢ 🅑 f81e 🅣 E5] 🚶 Starting step 3/100000...
2026-06-17 11:21:48,329 - DEBUG    [browser_use.Agent🅰 56e2 ⇢ 🅑 f81e 🅣 E5] 🌐 Step 3: Getting browser state...
2026-06-17 11:21:48,330 - DEBUG    [browser_use.Agent🅰 56e2 ⇢ 🅑 f81e 🅣 E5] 📸 Requesting browser state with include_screenshot=True
2026-06-17 11:21:48,331 - DEBUG    [browser_use.BrowserSession🅑 f81e 🅣 E5] 🚌 [DownloadsWatchdog.on_BrowserStateRequestEvent(#56b7)] ⏳ Starting...       👈 by Agent 
2026-06-17 11:21:48,331 - DEBUG    [browser_use.BrowserSession🅑 f81e 🅣 E5] [DownloadsWatchdog] Lightweight downloads enabled; skipping BrowserStateRequestEvent 56b7
2026-06-17 11:21:48,331 - DEBUG    [browser_use.BrowserSession🅑 f81e 🅣 E5] 🚌 [DownloadsWatchdog.on_BrowserStateRequestEvent(#56b7)] Succeeded (0.00s) 👉 returned to  Agent
2026-06-17 11:21:48,332 - DEBUG    [browser_use.BrowserSession🅑 f81e 🅣 E5] 🚌 [DOMWatchdog.on_BrowserStateRequestEvent(#56b7)]       ⏳ Starting...       👈 by Agent 
2026-06-17 11:21:48,332 - DEBUG    [browser_use.BrowserSession🅑 f81e 🅣 E5] 🔍 DOMWatchdog.on_BrowserStateRequestEvent: STARTING browser state request
2026-06-17 11:21:48,332 - DEBUG    [browser_use.BrowserSession🅑 f81e 🅣 E5] 🔍 DOMWatchdog.on_BrowserStateRequestEvent: Got page URL: https://idp.bl.uk/
2026-06-17 11:21:48,332 - DEBUG    [browser_use.BrowserSession🅑 f81e 🅣 E5] Current page URL: https://idp.bl.uk/, target_id: 724B47812F0E7B0650B39558B22A6AE5
2026-06-17 11:21:48,332 - DEBUG    [browser_use.BrowserSession🅑 f81e 🅣 E5] 🔍 DOMWatchdog.on_BrowserStateRequestEvent: ⏳ Waiting for page stability...
2026-06-17 11:21:48,332 - DEBUG    [browser_use.BrowserSession🅑 f81e 🅣 E5] 🔍 DOMWatchdog.on_BrowserStateRequestEvent: ✅ Page stability complete
2026-06-17 11:21:48,332 - DEBUG    [browser_use.BrowserSession🅑 f81e 🅣 E5] 🔍 DOMWatchdog.on_BrowserStateRequestEvent: Getting tabs info...
2026-06-17 11:21:48,332 - DEBUG    [browser_use.BrowserSession🅑 f81e 🅣 E5] 🔍 DOMWatchdog.on_BrowserStateRequestEvent: Got 1 tabs
2026-06-17 11:21:48,332 - DEBUG    [browser_use.BrowserSession🅑 f81e 🅣 E5] 🔍 DOMWatchdog.on_BrowserStateRequestEvent: Tabs info: [TabInfo(url='https://idp.bl.uk/', title='Just a moment...', target_id='724B47812F0E7B0650B39558B22A6AE5', parent_target_id=None)]
2026-06-17 11:21:48,332 - DEBUG    [browser_use.BrowserSession🅑 f81e 🅣 E5] 🔍 DOMWatchdog.on_BrowserStateRequestEvent: 🌳 Starting DOM tree build task...
2026-06-17 11:21:48,332 - DEBUG    [browser_use.BrowserSession🅑 f81e 🅣 E5] 🔍 DOMWatchdog._build_dom_tree_without_highlights: STARTING DOM tree build
2026-06-17 11:21:48,333 - DEBUG    [browser_use.BrowserSession🅑 f81e 🅣 E5] 🔍 DOMWatchdog._build_dom_tree_without_highlights: Calling DomService.get_serialized_dom_tree...
2026-06-17 11:21:48,334 - DEBUG    [browser_use.BrowserSession🅑 f81e 🅣 E5] 🔍 DEBUG: Capturing DOM snapshot for target 724B47812F0E7B0650B39558B22A6AE5
2026-06-17 11:21:48,337 - DEBUG    [browser_use.BrowserSession🅑 f81e 🅣 E5] Detected 0 elements with JS click listeners
2026-06-17 11:21:48,363 - DEBUG    [browser_use.BrowserSession🅑 f81e 🅣 E5] 🔍 DEBUG: Snapshot contains 1 frames with 17 total nodes
2026-06-17 11:21:48,363 - DEBUG    [browser_use.dom.enhanced_snapshot] 🔍 SNAPSHOT: Processing 1 documents with 131 strings
2026-06-17 11:21:48,364 - DEBUG    [browser_use.dom.enhanced_snapshot] 🔍 SNAPSHOT doc[0]: url=https://idp.bl.uk/... has 63 nodes, layout has 33 entries
2026-06-17 11:21:48,364 - DEBUG    [browser_use.dom.enhanced_snapshot] 🔍 SNAPSHOT: Built lookup with 63 total entries, 33 have bounds
2026-06-17 11:21:48,364 - DEBUG    [browser_use.BrowserSession🅑 f81e 🅣 E5] 🔍 DEBUG: HTML frame scroll - scrollY=0, scrollX=0, frameId=724B47812F0E7B0650B39558B22A6AE5, nodeId=3
2026-06-17 11:21:48,365 - DEBUG    [browser_use.BrowserSession🅑 f81e 🅣 E5] Processing cross-origin iframe: visible=True, width=300.0, height=65.0
2026-06-17 11:21:48,367 - DEBUG    [browser_use.BrowserSession🅑 f81e 🅣 E5] 🔍 NO SNAPSHOT DATA for <INPUT> backendNodeId=70 name=cf-turnstile-response id=cf-chl-widget-xab9z_response  (snapshot_lookup has 63 entries)
2026-06-17 11:21:48,369 - DEBUG    [browser_use.BrowserSession🅑 f81e 🅣 E5] 🔍 DOMWatchdog._build_dom_tree_without_highlights: ✅ DomService.get_serialized_dom_tree completed
2026-06-17 11:21:48,369 - DEBUG    [browser_use.BrowserSession🅑 f81e 🅣 E5] ⏱️ Total DOM tree time: 35.69ms
📊 Timing breakdown:
  ├─ get_all_trees: 30.68ms
  │  ├─ iframe_scroll_detection: 1.00ms
  │  ├─ cdp_parallel_calls: 25.68ms
  ├─ build_snapshot_lookup: 1.18ms
  ├─ construct_enhanced_tree: 2.74ms
  ├─ serialize_accessible_elements: 1.09ms
  │  ├─ create_simplified_tree: 0.52ms
  │  ├─ bbox_filtering: 0.57ms
2026-06-17 11:21:48,369 - DEBUG    [browser_use.BrowserSession🅑 f81e 🅣 E5] 🔍 DOMWatchdog._build_dom_tree_without_highlights: Updating selector maps...
2026-06-17 11:21:48,369 - DEBUG    [browser_use.BrowserSession🅑 f81e 🅣 E5] 🔍 DOMWatchdog._build_dom_tree_without_highlights: ✅ Selector maps updated, 3 elements
2026-06-17 11:21:48,370 - DEBUG    [browser_use.BrowserSession🅑 f81e 🅣 E5] 🔍 DOMWatchdog._build_dom_tree_without_highlights: ✅ COMPLETED DOM tree build (no JS highlights)
2026-06-17 11:21:48,370 - DEBUG    [browser_use.BrowserSession🅑 f81e 🅣 E5] 🔍 DOMWatchdog.on_BrowserStateRequestEvent: ✅ DOM tree build completed
2026-06-17 11:21:48,370 - DEBUG    [browser_use.BrowserSession🅑 f81e 🅣 E5] 🔍 DOMWatchdog.on_BrowserStateRequestEvent: Getting page title...
2026-06-17 11:21:48,370 - DEBUG    [browser_use.BrowserSession🅑 f81e 🅣 E5] 🔍 DOMWatchdog.on_BrowserStateRequestEvent: Got title: Just a moment...
2026-06-17 11:21:48,370 - DEBUG    [browser_use.BrowserSession🅑 f81e 🅣 E5] 🔍 DOMWatchdog.on_BrowserStateRequestEvent: Getting page info from CDP...
2026-06-17 11:21:48,371 - DEBUG    [browser_use.BrowserSession🅑 f81e 🅣 E5] 🔍 DOMWatchdog.on_BrowserStateRequestEvent: Got page info from CDP: viewport_width=1710 viewport_height=990 page_width=1710 page_height=990 scroll_x=0 scroll_y=0 pixels_above=0 pixels_below=0 pixels_left=0 pixels_right=0
2026-06-17 11:21:48,371 - DEBUG    [browser_use.BrowserSession🅑 f81e 🅣 E5] 🔍 DOMWatchdog._detect_pagination_buttons: Detecting pagination buttons...
2026-06-17 11:21:48,372 - DEBUG    [browser_use.BrowserSession🅑 f81e 🅣 E5] 🔍 DOMWatchdog.on_BrowserStateRequestEvent: 📸 Creating BrowserStateSummary WITHOUT screenshot
2026-06-17 11:21:48,372 - DEBUG    [browser_use.BrowserSession🅑 f81e 🅣 E5] 🔍 DOMWatchdog.on_BrowserStateRequestEvent: ✅ COMPLETED - Returning browser state
2026-06-17 11:21:48,372 - DEBUG    [browser_use.BrowserSession🅑 f81e 🅣 E5] 🚌 [DOMWatchdog.on_BrowserStateRequestEvent(#56b7)]       Succeeded (0.04s) ➡️ <BrowserStateSummary> 👉 returned to  Agent
2026-06-17 11:21:48,382 - DEBUG    [browser_use.Agent🅰 56e2 ⇢ 🅑 f81e 🅣 E5] 📸 Got browser state WITHOUT screenshot
2026-06-17 11:21:48,382 - INFO     [Agent] 

2026-06-17 11:21:48,382 - INFO     [Agent] 📍 Step 3:
2026-06-17 11:21:48,383 - DEBUG    [browser_use.Agent🅰 56e2 ⇢ 🅑 f81e 🅣 E5] Evaluating page with 3 interactive elements on: https://idp.bl.uk/
2026-06-17 11:21:48,383 - DEBUG    [browser_use.Agent🅰 56e2 ⇢ 🅑 f81e 🅣 E5] 📝 Step 3: Updating action models...
2026-06-17 11:21:48,401 - DEBUG    [browser_use.Agent🅰 56e2 ⇢ 🅑 f81e 🅣 E5] 💬 Step 3: Creating state messages for context...
2026-06-17 11:21:48,401 - DEBUG    [browser_use.agent.message_manager.service] Added long_term_memory to action_results: Navigated to https://idp.bl.uk/
2026-06-17 11:21:48,402 - DEBUG    [browser_use.agent.message_manager.service] 
2026-06-17 11:21:48,402 - DEBUG    [browser_use.Agent🅰 56e2 ⇢ 🅑 f81e 🅣 E5] 🤖 Step 3: Calling LLM with 2 messages (model: qwen3.5-397b-a17b)...
2026-06-17 11:21:48,551 - DEBUG    [browser_use.BrowserSession🅑 f81e 🅣 [91m--[0m] [SessionManager] Target attached: C75205F9... (session=50173C00..., type=worker, waitingForDebugger=False)
2026-06-17 11:21:48,552 - DEBUG    [browser_use.BrowserSession🅑 f81e 🅣 [91m--[0m] [SessionManager] Target attached: C75205F9... (session=8693113C..., type=worker, waitingForDebugger=False)
2026-06-17 11:21:48,552 - DEBUG    [browser_use.BrowserSession🅑 f81e 🅣 [91m--[0m] [SessionManager] Created target C75205F9... (type=worker)
2026-06-17 11:21:48,552 - DEBUG    [browser_use.BrowserSession🅑 f81e 🅣 [91m--[0m] [SessionManager] Created session 50173C00... for target C75205F9... (total sessions: 7)
2026-06-17 11:21:48,553 - DEBUG    [browser_use.BrowserSession🅑 f81e 🅣 [91m--[0m] [SessionManager] Created session 8693113C... for target C75205F9... (total sessions: 8)
2026-06-17 11:21:56,954 - DEBUG    [browser_use.tokens.service] Token cost service: model='qwen3.5-397b-a17b' timestamp=datetime.datetime(2026, 6, 17, 11, 21, 56, 954190) usage=ChatInvokeUsage(prompt_tokens=9799, prompt_cached_tokens=None, prompt_cache_creation_tokens=None, prompt_image_tokens=None, completion_tokens=263, total_tokens=10062)
2026-06-17 11:21:56,954 - DEBUG    [browser_use.Agent🅰 56e2 ⇢ 🅑 f81e 🅣 E5] 💡 Thinking:
The browser has navigated to https://idp.bl.uk/ but is currently blocked by a Cloudflare security challenge page. This is a common anti-bot protection mechanism. The page shows a Chinese message indicating security verification is in progress. There's an iframe [33] for the Cloudflare widget. I need to wait for the page to load and see if the verification completes automatically, or if there's a button to click. Let me wait a moment to see if the page resolves itself.
2026-06-17 11:21:56,954 - INFO     [Agent]   [32m👍 Eval: Successfully navigated to https://idp.bl.uk/ but encountered a Cloudflare security verification page. Verdict: Success (navigation worked, but site has bot protection)[0m
2026-06-17 11:21:56,954 - INFO     [Agent]   🧠 Memory: Navigated to idp.bl.uk successfully but hit Cloudflare security challenge. This is a common anti-bot measure. Need to wait for verification to complete or find a way past it. If stuck, may need alternative approaches.
2026-06-17 11:21:56,955 - INFO     [Agent]   [34m🎯 Next goal: Wait for the Cloudflare verification to complete automatically, then check if we can access the main site.[0m
2026-06-17 11:21:56,955 - DEBUG    [browser_use.Agent🅰 56e2 ⇢ 🅑 f81e 🅣 E5] ⏳ get_next_action() took 8.55s
2026-06-17 11:21:56,955 - DEBUG    [browser_use.Agent🅰 56e2 ⇢ 🅑 f81e 🅣 E5] ✅ Step 3: Got LLM response with 1 actions
2026-06-17 11:21:56,955 - INFO     [Agent]   ▶️   [34mwait[0m: [35mseconds[0m: 5
2026-06-17 11:21:56,955 - INFO     [tools] 🕒 waited for 5 seconds
2026-06-17 11:21:56,955 - DEBUG    [cost] 🧠 [96mqwen3.5-397b-a17b[0m | 📥 [93m9.8k[0m | 📤 [92m263[0m
2026-06-17 11:22:00,960 - DEBUG    [browser_use.BrowserSession🅑 f81e 🅣 E5] ⏳ execute_action() took 4.01s
2026-06-17 11:22:00,961 - DEBUG    [browser_use.Agent🅰 56e2 ⇢ 🅑 f81e 🅣 E5] ⏳ multi_act() took 4.01s
2026-06-17 11:22:00,961 - DEBUG    [browser_use.Agent🅰 56e2 ⇢ 🅑 f81e 🅣 E5] 📸 No screenshot in browser_state_summary for step 3
2026-06-17 11:22:00,961 - DEBUG    [browser_use.Agent🅰 56e2 ⇢ 🅑 f81e 🅣 E5] 📍 Step 3: Ran 1 action in 12.63s: ✅ 1
2026-06-17 11:22:00,961 - DEBUG    [browser_use.agent.cloud_events] 📸 No screenshot in browser_state_summary for CreateAgentStepEvent
2026-06-17 11:22:00,961 - DEBUG    [browser_use.Agent🅰 56e2 ⇢ 🅑 f81e 🅣 E5] ⏳ step() took 12.63s
2026-06-17 11:22:00,961 - DEBUG    [browser_use.Agent🅰 56e2 ⇢ 🅑 f81e 🅣 E5] ✅ Completed step 3/100000
2026-06-17 11:22:00,961 - DEBUG    [browser_use.Agent🅰 56e2 ⇢ 🅑 f81e 🅣 E5] 🚶 Starting step 4/100000...
2026-06-17 11:22:00,961 - DEBUG    [browser_use.Agent🅰 56e2 ⇢ 🅑 f81e 🅣 E5] 🌐 Step 4: Getting browser state...
2026-06-17 11:22:00,961 - DEBUG    [browser_use.Agent🅰 56e2 ⇢ 🅑 f81e 🅣 E5] 📸 Requesting browser state with include_screenshot=True
2026-06-17 11:22:00,962 - DEBUG    [browser_use.BrowserSession🅑 f81e 🅣 E5] 🚌 [DownloadsWatchdog.on_BrowserStateRequestEvent(#6ca1)] ⏳ Starting...       👈 by Agent 
2026-06-17 11:22:00,963 - DEBUG    [browser_use.BrowserSession🅑 f81e 🅣 E5] [DownloadsWatchdog] Lightweight downloads enabled; skipping BrowserStateRequestEvent 6ca1
2026-06-17 11:22:00,963 - DEBUG    [browser_use.BrowserSession🅑 f81e 🅣 E5] 🚌 [DownloadsWatchdog.on_BrowserStateRequestEvent(#6ca1)] Succeeded (0.00s) 👉 returned to  Agent
2026-06-17 11:22:00,963 - DEBUG    [browser_use.BrowserSession🅑 f81e 🅣 E5] 🚌 [DOMWatchdog.on_BrowserStateRequestEvent(#6ca1)]       ⏳ Starting...       👈 by Agent 
2026-06-17 11:22:00,963 - DEBUG    [browser_use.BrowserSession🅑 f81e 🅣 E5] 🔍 DOMWatchdog.on_BrowserStateRequestEvent: STARTING browser state request
2026-06-17 11:22:00,963 - DEBUG    [browser_use.BrowserSession🅑 f81e 🅣 E5] 🔍 DOMWatchdog.on_BrowserStateRequestEvent: Got page URL: https://idp.bl.uk/
2026-06-17 11:22:00,963 - DEBUG    [browser_use.BrowserSession🅑 f81e 🅣 E5] Current page URL: https://idp.bl.uk/, target_id: 724B47812F0E7B0650B39558B22A6AE5
2026-06-17 11:22:00,963 - DEBUG    [browser_use.BrowserSession🅑 f81e 🅣 E5] 🔍 DOMWatchdog.on_BrowserStateRequestEvent: ⏳ Waiting for page stability...
2026-06-17 11:22:00,963 - DEBUG    [browser_use.BrowserSession🅑 f81e 🅣 E5] 🔍 DOMWatchdog.on_BrowserStateRequestEvent: ✅ Page stability complete
2026-06-17 11:22:00,963 - DEBUG    [browser_use.BrowserSession🅑 f81e 🅣 E5] 🔍 DOMWatchdog.on_BrowserStateRequestEvent: Getting tabs info...
2026-06-17 11:22:00,963 - DEBUG    [browser_use.BrowserSession🅑 f81e 🅣 E5] 🔍 DOMWatchdog.on_BrowserStateRequestEvent: Got 1 tabs
2026-06-17 11:22:00,963 - DEBUG    [browser_use.BrowserSession🅑 f81e 🅣 E5] 🔍 DOMWatchdog.on_BrowserStateRequestEvent: Tabs info: [TabInfo(url='https://idp.bl.uk/', title='Just a moment...', target_id='724B47812F0E7B0650B39558B22A6AE5', parent_target_id=None)]
2026-06-17 11:22:00,963 - DEBUG    [browser_use.BrowserSession🅑 f81e 🅣 E5] 🔍 DOMWatchdog.on_BrowserStateRequestEvent: 🌳 Starting DOM tree build task...
2026-06-17 11:22:00,963 - DEBUG    [browser_use.BrowserSession🅑 f81e 🅣 E5] 🔍 DOMWatchdog._build_dom_tree_without_highlights: STARTING DOM tree build
2026-06-17 11:22:00,963 - DEBUG    [browser_use.BrowserSession🅑 f81e 🅣 E5] 🔍 DOMWatchdog._build_dom_tree_without_highlights: Calling DomService.get_serialized_dom_tree...
2026-06-17 11:22:00,965 - DEBUG    [browser_use.BrowserSession🅑 f81e 🅣 E5] 🔍 DEBUG: Capturing DOM snapshot for target 724B47812F0E7B0650B39558B22A6AE5
2026-06-17 11:22:00,970 - DEBUG    [browser_use.BrowserSession🅑 f81e 🅣 E5] Detected 0 elements with JS click listeners
2026-06-17 11:22:00,976 - DEBUG    [browser_use.BrowserSession🅑 f81e 🅣 E5] 🔍 DEBUG: Snapshot contains 1 frames with 17 total nodes
2026-06-17 11:22:00,976 - DEBUG    [browser_use.dom.enhanced_snapshot] 🔍 SNAPSHOT: Processing 1 documents with 131 strings
2026-06-17 11:22:00,976 - DEBUG    [browser_use.dom.enhanced_snapshot] 🔍 SNAPSHOT doc[0]: url=https://idp.bl.uk/... has 63 nodes, layout has 33 entries
2026-06-17 11:22:00,976 - DEBUG    [browser_use.dom.enhanced_snapshot] 🔍 SNAPSHOT: Built lookup with 63 total entries, 33 have bounds
2026-06-17 11:22:00,976 - DEBUG    [browser_use.BrowserSession🅑 f81e 🅣 E5] 🔍 DEBUG: HTML frame scroll - scrollY=0, scrollX=0, frameId=724B47812F0E7B0650B39558B22A6AE5, nodeId=74
2026-06-17 11:22:00,977 - DEBUG    [browser_use.BrowserSession🅑 f81e 🅣 E5] Processing cross-origin iframe: visible=True, width=300.0, height=65.0
2026-06-17 11:22:00,977 - DEBUG    [browser_use.BrowserSession🅑 f81e 🅣 E5] 🔍 NO SNAPSHOT DATA for <INPUT> backendNodeId=70 name=cf-turnstile-response id=cf-chl-widget-xab9z_response  (snapshot_lookup has 63 entries)
2026-06-17 11:22:00,978 - DEBUG    [browser_use.BrowserSession🅑 f81e 🅣 E5] 🔍 DOMWatchdog._build_dom_tree_without_highlights: ✅ DomService.get_serialized_dom_tree completed
2026-06-17 11:22:00,978 - DEBUG    [browser_use.BrowserSession🅑 f81e 🅣 E5] ⏱️ Total DOM tree time: 15.02ms
📊 Timing breakdown:
  ├─ get_all_trees: 13.01ms
  │  ├─ iframe_scroll_detection: 2.50ms
  │  ├─ cdp_parallel_calls: 5.96ms
  ├─ construct_enhanced_tree: 1.00ms
  ├─ serialize_accessible_elements: 1.00ms
  │  ├─ create_simplified_tree: 1.00ms
2026-06-17 11:22:00,978 - DEBUG    [browser_use.BrowserSession🅑 f81e 🅣 E5] 🔍 DOMWatchdog._build_dom_tree_without_highlights: Updating selector maps...
2026-06-17 11:22:00,978 - DEBUG    [browser_use.BrowserSession🅑 f81e 🅣 E5] 🔍 DOMWatchdog._build_dom_tree_without_highlights: ✅ Selector maps updated, 3 elements
2026-06-17 11:22:00,978 - DEBUG    [browser_use.BrowserSession🅑 f81e 🅣 E5] 🔍 DOMWatchdog._build_dom_tree_without_highlights: ✅ COMPLETED DOM tree build (no JS highlights)
2026-06-17 11:22:00,978 - DEBUG    [browser_use.BrowserSession🅑 f81e 🅣 E5] 🔍 DOMWatchdog.on_BrowserStateRequestEvent: ✅ DOM tree build completed
2026-06-17 11:22:00,978 - DEBUG    [browser_use.BrowserSession🅑 f81e 🅣 E5] 🔍 DOMWatchdog.on_BrowserStateRequestEvent: Getting page title...
2026-06-17 11:22:00,978 - DEBUG    [browser_use.BrowserSession🅑 f81e 🅣 E5] 🔍 DOMWatchdog.on_BrowserStateRequestEvent: Got title: Just a moment...
2026-06-17 11:22:00,978 - DEBUG    [browser_use.BrowserSession🅑 f81e 🅣 E5] 🔍 DOMWatchdog.on_BrowserStateRequestEvent: Getting page info from CDP...
2026-06-17 11:22:00,979 - DEBUG    [browser_use.BrowserSession🅑 f81e 🅣 E5] 🔍 DOMWatchdog.on_BrowserStateRequestEvent: Got page info from CDP: viewport_width=1710 viewport_height=990 page_width=1710 page_height=990 scroll_x=0 scroll_y=0 pixels_above=0 pixels_below=0 pixels_left=0 pixels_right=0
2026-06-17 11:22:00,979 - DEBUG    [browser_use.BrowserSession🅑 f81e 🅣 E5] 🔍 DOMWatchdog._detect_pagination_buttons: Detecting pagination buttons...
2026-06-17 11:22:00,979 - DEBUG    [browser_use.BrowserSession🅑 f81e 🅣 E5] 🔍 DOMWatchdog.on_BrowserStateRequestEvent: 📸 Creating BrowserStateSummary WITHOUT screenshot
2026-06-17 11:22:00,979 - DEBUG    [browser_use.BrowserSession🅑 f81e 🅣 E5] 🔍 DOMWatchdog.on_BrowserStateRequestEvent: ✅ COMPLETED - Returning browser state
2026-06-17 11:22:00,979 - DEBUG    [browser_use.BrowserSession🅑 f81e 🅣 E5] 🚌 [DOMWatchdog.on_BrowserStateRequestEvent(#6ca1)]       Succeeded (0.02s) ➡️ <BrowserStateSummary> 👉 returned to  Agent
2026-06-17 11:22:00,986 - DEBUG    [browser_use.Agent🅰 56e2 ⇢ 🅑 f81e 🅣 E5] 📸 Got browser state WITHOUT screenshot
2026-06-17 11:22:00,986 - INFO     [Agent] 

2026-06-17 11:22:00,986 - INFO     [Agent] 📍 Step 4:
2026-06-17 11:22:00,986 - DEBUG    [browser_use.Agent🅰 56e2 ⇢ 🅑 f81e 🅣 E5] Evaluating page with 3 interactive elements on: https://idp.bl.uk/
2026-06-17 11:22:00,986 - DEBUG    [browser_use.Agent🅰 56e2 ⇢ 🅑 f81e 🅣 E5] 📝 Step 4: Updating action models...
2026-06-17 11:22:00,997 - DEBUG    [browser_use.Agent🅰 56e2 ⇢ 🅑 f81e 🅣 E5] 💬 Step 4: Creating state messages for context...
2026-06-17 11:22:00,997 - DEBUG    [browser_use.agent.message_manager.service] Added long_term_memory to action_results: Waited for 5 seconds
2026-06-17 11:22:00,997 - DEBUG    [browser_use.agent.message_manager.service] 
2026-06-17 11:22:00,997 - DEBUG    [browser_use.Agent🅰 56e2 ⇢ 🅑 f81e 🅣 E5] 🤖 Step 4: Calling LLM with 2 messages (model: qwen3.5-397b-a17b)...
2026-06-17 11:22:10,386 - DEBUG    [browser_use.tokens.service] Token cost service: model='qwen3.5-397b-a17b' timestamp=datetime.datetime(2026, 6, 17, 11, 22, 10, 386738) usage=ChatInvokeUsage(prompt_tokens=9914, prompt_cached_tokens=None, prompt_cache_creation_tokens=None, prompt_image_tokens=None, completion_tokens=290, total_tokens=10204)
2026-06-17 11:22:10,386 - DEBUG    [browser_use.Agent🅰 56e2 ⇢ 🅑 f81e 🅣 E5] 💡 Thinking:
The browser has navigated to https://idp.bl.uk/ but is currently stuck on a Cloudflare security verification page. This is an anti-bot measure that requires human interaction to verify the user is not automated. The page shows '正在进行安全验证' (Security verification in progress) with a Cloudflare widget iframe. According to the task rules, if we encounter captcha/human verification, we should not spend more than 3-4 steps trying to bypass it automatically. Instead, we should wait briefly to see if it resolves automatically, and if not, report this as a limitation requiring manual intervention.
2026-06-17 11:22:10,386 - INFO     [Agent]   [31m⚠️ Eval: Waited for Cloudflare verification but the security challenge page is still displayed - requires human interaction to proceed. Verdict: Failure (blocked by anti-bot protection)[0m
2026-06-17 11:22:10,386 - INFO     [Agent]   🧠 Memory: Navigated to idp.bl.uk successfully but hit Cloudflare security challenge that requires human verification. This is blocking access to the main site. Cannot proceed with automated search and download until this is resolved. Need to wait briefly or try alternative approach.
2026-06-17 11:22:10,386 - INFO     [Agent]   [34m🎯 Next goal: Wait a few more seconds to see if Cloudflare verification completes automatically, then check if we can access the main site.[0m
2026-06-17 11:22:10,386 - DEBUG    [browser_use.Agent🅰 56e2 ⇢ 🅑 f81e 🅣 E5] ⏳ get_next_action() took 9.39s
2026-06-17 11:22:10,386 - DEBUG    [browser_use.Agent🅰 56e2 ⇢ 🅑 f81e 🅣 E5] ✅ Step 4: Got LLM response with 1 actions
2026-06-17 11:22:10,387 - INFO     [Agent]   ▶️   [34mwait[0m: [35mseconds[0m: 8
2026-06-17 11:22:10,387 - INFO     [tools] 🕒 waited for 8 seconds
2026-06-17 11:22:10,388 - DEBUG    [cost] 🧠 [96mqwen3.5-397b-a17b[0m | 📥 [93m9.9k[0m | 📤 [92m290[0m
2026-06-17 11:22:13,781 - DEBUG    [browser_use.BrowserSession🅑 f81e 🅣 [91m--[0m] [SessionManager] Target attached: 0E4872AE... (session=7995C0EF..., type=worker, waitingForDebugger=False)
2026-06-17 11:22:13,782 - DEBUG    [browser_use.BrowserSession🅑 f81e 🅣 [91m--[0m] [SessionManager] Target attached: 0E4872AE... (session=D18CC062..., type=worker, waitingForDebugger=False)
2026-06-17 11:22:13,782 - DEBUG    [browser_use.BrowserSession🅑 f81e 🅣 [91m--[0m] [SessionManager] Target attached: 0AA9AAC1... (session=AE5DE99D..., type=worker, waitingForDebugger=False)
2026-06-17 11:22:13,782 - DEBUG    [browser_use.BrowserSession🅑 f81e 🅣 [91m--[0m] [SessionManager] Target attached: 0AA9AAC1... (session=07AED1F6..., type=worker, waitingForDebugger=False)
2026-06-17 11:22:13,783 - DEBUG    [browser_use.BrowserSession🅑 f81e 🅣 [91m--[0m] [SessionManager] Target attached: CF502D07... (session=3277FBC9..., type=worker, waitingForDebugger=False)
2026-06-17 11:22:13,783 - DEBUG    [browser_use.BrowserSession🅑 f81e 🅣 [91m--[0m] [SessionManager] Target attached: CF502D07... (session=D3559073..., type=worker, waitingForDebugger=False)
2026-06-17 11:22:13,783 - DEBUG    [browser_use.BrowserSession🅑 f81e 🅣 [91m--[0m] [SessionManager] Target attached: 28EF05C6... (session=2684EAAF..., type=worker, waitingForDebugger=False)
2026-06-17 11:22:13,784 - DEBUG    [browser_use.BrowserSession🅑 f81e 🅣 [91m--[0m] [SessionManager] Target attached: 28EF05C6... (session=6971960F..., type=worker, waitingForDebugger=False)
2026-06-17 11:22:13,784 - DEBUG    [browser_use.BrowserSession🅑 f81e 🅣 [91m--[0m] [SessionManager] Target attached: BDD233AA... (session=6FBD1A93..., type=worker, waitingForDebugger=False)
2026-06-17 11:22:13,784 - DEBUG    [browser_use.BrowserSession🅑 f81e 🅣 [91m--[0m] [SessionManager] Target attached: BDD233AA... (session=A111BEFB..., type=worker, waitingForDebugger=False)
2026-06-17 11:22:13,784 - DEBUG    [browser_use.BrowserSession🅑 f81e 🅣 [91m--[0m] [SessionManager] Created target 0E4872AE... (type=worker)
2026-06-17 11:22:13,785 - DEBUG    [browser_use.BrowserSession🅑 f81e 🅣 [91m--[0m] [SessionManager] Created session 7995C0EF... for target 0E4872AE... (total sessions: 9)
2026-06-17 11:22:13,785 - DEBUG    [browser_use.BrowserSession🅑 f81e 🅣 [91m--[0m] [SessionManager] Created target 0AA9AAC1... (type=worker)
2026-06-17 11:22:13,785 - DEBUG    [browser_use.BrowserSession🅑 f81e 🅣 [91m--[0m] [SessionManager] Created session AE5DE99D... for target 0AA9AAC1... (total sessions: 10)
2026-06-17 11:22:13,786 - DEBUG    [browser_use.BrowserSession🅑 f81e 🅣 [91m--[0m] [SessionManager] Target attached: 96E97A27... (session=CCC15D9F..., type=worker, waitingForDebugger=False)
2026-06-17 11:22:13,786 - DEBUG    [browser_use.BrowserSession🅑 f81e 🅣 [91m--[0m] [SessionManager] Target attached: 96E97A27... (session=9A156C6F..., type=worker, waitingForDebugger=False)
2026-06-17 11:22:13,786 - DEBUG    [browser_use.BrowserSession🅑 f81e 🅣 [91m--[0m] [SessionManager] Target attached: 3646A72C... (session=8A253442..., type=worker, waitingForDebugger=False)
2026-06-17 11:22:13,786 - DEBUG    [browser_use.BrowserSession🅑 f81e 🅣 [91m--[0m] [SessionManager] Target attached: 3646A72C... (session=50AA4DB2..., type=worker, waitingForDebugger=False)
2026-06-17 11:22:13,786 - DEBUG    [browser_use.BrowserSession🅑 f81e 🅣 [91m--[0m] [SessionManager] Created session D18CC062... for target 0E4872AE... (total sessions: 11)
2026-06-17 11:22:13,787 - DEBUG    [browser_use.BrowserSession🅑 f81e 🅣 [91m--[0m] [SessionManager] Created session 07AED1F6... for target 0AA9AAC1... (total sessions: 12)
2026-06-17 11:22:13,787 - DEBUG    [browser_use.BrowserSession🅑 f81e 🅣 [91m--[0m] [SessionManager] Created target CF502D07... (type=worker)
2026-06-17 11:22:13,788 - DEBUG    [browser_use.BrowserSession🅑 f81e 🅣 [91m--[0m] [SessionManager] Created session 3277FBC9... for target CF502D07... (total sessions: 13)
2026-06-17 11:22:13,788 - DEBUG    [browser_use.BrowserSession🅑 f81e 🅣 [91m--[0m] [SessionManager] Created target 28EF05C6... (type=worker)
2026-06-17 11:22:13,788 - DEBUG    [browser_use.BrowserSession🅑 f81e 🅣 [91m--[0m] [SessionManager] Created session 2684EAAF... for target 28EF05C6... (total sessions: 14)
2026-06-17 11:22:13,788 - DEBUG    [browser_use.BrowserSession🅑 f81e 🅣 [91m--[0m] [SessionManager] Created target BDD233AA... (type=worker)
2026-06-17 11:22:13,788 - DEBUG    [browser_use.BrowserSession🅑 f81e 🅣 [91m--[0m] [SessionManager] Created session 6FBD1A93... for target BDD233AA... (total sessions: 15)
2026-06-17 11:22:13,789 - DEBUG    [browser_use.BrowserSession🅑 f81e 🅣 [91m--[0m] [SessionManager] Created session 6971960F... for target 28EF05C6... (total sessions: 16)
2026-06-17 11:22:13,789 - DEBUG    [browser_use.BrowserSession🅑 f81e 🅣 [91m--[0m] [SessionManager] Created session A111BEFB... for target BDD233AA... (total sessions: 17)
2026-06-17 11:22:13,789 - DEBUG    [browser_use.BrowserSession🅑 f81e 🅣 [91m--[0m] [SessionManager] Target attached: 01607562... (session=88C3CC16..., type=worker, waitingForDebugger=False)
2026-06-17 11:22:13,790 - DEBUG    [browser_use.BrowserSession🅑 f81e 🅣 [91m--[0m] [SessionManager] Target attached: 01607562... (session=AA209AAC..., type=worker, waitingForDebugger=False)
2026-06-17 11:22:13,790 - DEBUG    [browser_use.BrowserSession🅑 f81e 🅣 [91m--[0m] [SessionManager] Created session D3559073... for target CF502D07... (total sessions: 18)
2026-06-17 11:22:13,790 - DEBUG    [browser_use.BrowserSession🅑 f81e 🅣 [91m--[0m] [SessionManager] Target attached: 4276FE63... (session=EEFBFE27..., type=worker, waitingForDebugger=False)
2026-06-17 11:22:13,792 - DEBUG    [browser_use.BrowserSession🅑 f81e 🅣 [91m--[0m] [SessionManager] Target attached: 4276FE63... (session=BAE5CA7A..., type=worker, waitingForDebugger=False)
2026-06-17 11:22:13,793 - DEBUG    [browser_use.BrowserSession🅑 f81e 🅣 [91m--[0m] [SessionManager] Target attached: ACA1E772... (session=164909F2..., type=worker, waitingForDebugger=False)
2026-06-17 11:22:13,793 - DEBUG    [browser_use.BrowserSession🅑 f81e 🅣 [91m--[0m] [SessionManager] Target attached: ACA1E772... (session=099658A1..., type=worker, waitingForDebugger=False)
2026-06-17 11:22:13,793 - DEBUG    [browser_use.BrowserSession🅑 f81e 🅣 [91m--[0m] [SessionManager] Target attached: C0403BE6... (session=29658006..., type=worker, waitingForDebugger=False)
2026-06-17 11:22:13,793 - DEBUG    [browser_use.BrowserSession🅑 f81e 🅣 [91m--[0m] [SessionManager] Target attached: C0403BE6... (session=7662CD83..., type=worker, waitingForDebugger=False)
2026-06-17 11:22:13,794 - DEBUG    [browser_use.BrowserSession🅑 f81e 🅣 [91m--[0m] [SessionManager] Created target 96E97A27... (type=worker)
2026-06-17 11:22:13,794 - DEBUG    [browser_use.BrowserSession🅑 f81e 🅣 [91m--[0m] [SessionManager] Created session CCC15D9F... for target 96E97A27... (total sessions: 19)
2026-06-17 11:22:13,795 - DEBUG    [browser_use.BrowserSession🅑 f81e 🅣 [91m--[0m] [SessionManager] Target attached: 5BC76BD0... (session=CCA58F0A..., type=worker, waitingForDebugger=False)
2026-06-17 11:22:13,796 - DEBUG    [browser_use.BrowserSession🅑 f81e 🅣 [91m--[0m] [SessionManager] Target attached: 5BC76BD0... (session=151A511C..., type=worker, waitingForDebugger=False)
2026-06-17 11:22:13,796 - DEBUG    [browser_use.BrowserSession🅑 f81e 🅣 [91m--[0m] [SessionManager] Created target 3646A72C... (type=worker)
2026-06-17 11:22:13,796 - DEBUG    [browser_use.BrowserSession🅑 f81e 🅣 [91m--[0m] [SessionManager] Created session 8A253442... for target 3646A72C... (total sessions: 20)
2026-06-17 11:22:13,796 - DEBUG    [browser_use.BrowserSession🅑 f81e 🅣 [91m--[0m] [SessionManager] Created session 9A156C6F... for target 96E97A27... (total sessions: 21)
2026-06-17 11:22:13,798 - DEBUG    [browser_use.BrowserSession🅑 f81e 🅣 [91m--[0m] [SessionManager] Created session 50AA4DB2... for target 3646A72C... (total sessions: 22)
2026-06-17 11:22:13,798 - DEBUG    [browser_use.BrowserSession🅑 f81e 🅣 [91m--[0m] [SessionManager] Target attached: 96F8E8E0... (session=1F0F6B7F..., type=worker, waitingForDebugger=False)
2026-06-17 11:22:13,798 - DEBUG    [browser_use.BrowserSession🅑 f81e 🅣 [91m--[0m] [SessionManager] Target attached: 96F8E8E0... (session=88FF29BF..., type=worker, waitingForDebugger=False)
2026-06-17 11:22:13,798 - DEBUG    [browser_use.BrowserSession🅑 f81e 🅣 [91m--[0m] [SessionManager] Target attached: 5EB6E42A... (session=F9466C8F..., type=worker, waitingForDebugger=False)
2026-06-17 11:22:13,798 - DEBUG    [browser_use.BrowserSession🅑 f81e 🅣 [91m--[0m] [SessionManager] Target attached: 5EB6E42A... (session=B663CE4D..., type=worker, waitingForDebugger=False)
2026-06-17 11:22:13,800 - DEBUG    [browser_use.BrowserSession🅑 f81e 🅣 [91m--[0m] [SessionManager] Target attached: EC89D28E... (session=A0374BD5..., type=worker, waitingForDebugger=False)
2026-06-17 11:22:13,801 - DEBUG    [browser_use.BrowserSession🅑 f81e 🅣 [91m--[0m] [SessionManager] Target attached: EC89D28E... (session=1DC44A6B..., type=worker, waitingForDebugger=False)
2026-06-17 11:22:13,801 - DEBUG    [browser_use.BrowserSession🅑 f81e 🅣 [91m--[0m] [SessionManager] Created target 01607562... (type=worker)
2026-06-17 11:22:13,801 - DEBUG    [browser_use.BrowserSession🅑 f81e 🅣 [91m--[0m] [SessionManager] Created session 88C3CC16... for target 01607562... (total sessions: 23)
2026-06-17 11:22:13,801 - DEBUG    [browser_use.BrowserSession🅑 f81e 🅣 [91m--[0m] [SessionManager] Created session AA209AAC... for target 01607562... (total sessions: 24)
2026-06-17 11:22:13,802 - DEBUG    [browser_use.BrowserSession🅑 f81e 🅣 [91m--[0m] [SessionManager] Created target 4276FE63... (type=worker)
2026-06-17 11:22:13,802 - DEBUG    [browser_use.BrowserSession🅑 f81e 🅣 [91m--[0m] [SessionManager] Created session EEFBFE27... for target 4276FE63... (total sessions: 25)
2026-06-17 11:22:13,802 - DEBUG    [browser_use.BrowserSession🅑 f81e 🅣 [91m--[0m] [SessionManager] Created session BAE5CA7A... for target 4276FE63... (total sessions: 26)
2026-06-17 11:22:13,802 - DEBUG    [browser_use.BrowserSession🅑 f81e 🅣 [91m--[0m] [SessionManager] Session detached: target=3646A72C... session=8A253442... (remaining=1)
2026-06-17 11:22:13,802 - DEBUG    [browser_use.BrowserSession🅑 f81e 🅣 [91m--[0m] [SessionManager] Removed session 8A253442... (remaining sessions: 25)
2026-06-17 11:22:13,803 - DEBUG    [browser_use.BrowserSession🅑 f81e 🅣 [91m--[0m] [SessionManager] Session detached: target=3646A72C... session=50AA4DB2... (remaining=0)
2026-06-17 11:22:13,803 - DEBUG    [browser_use.BrowserSession🅑 f81e 🅣 [91m--[0m] [SessionManager] No sessions remain for target 3646A72C..., removing target
2026-06-17 11:22:13,803 - DEBUG    [browser_use.BrowserSession🅑 f81e 🅣 [91m--[0m] [SessionManager] Removed target 3646A72C... (remaining targets: 12)
2026-06-17 11:22:13,803 - DEBUG    [browser_use.BrowserSession🅑 f81e 🅣 [91m--[0m] [SessionManager] Removed session 50AA4DB2... (remaining sessions: 24)
2026-06-17 11:22:13,803 - DEBUG    [browser_use.BrowserSession🅑 f81e 🅣 [91m--[0m] [SessionManager] Target 3646A72C... fully removed (type=worker) - not dispatching TabClosedEvent
2026-06-17 11:22:13,803 - DEBUG    [browser_use.BrowserSession🅑 f81e 🅣 [91m--[0m] [SessionManager] Session detached: target=BDD233AA... session=6FBD1A93... (remaining=1)
2026-06-17 11:22:13,803 - DEBUG    [browser_use.BrowserSession🅑 f81e 🅣 [91m--[0m] [SessionManager] Removed session 6FBD1A93... (remaining sessions: 23)
2026-06-17 11:22:13,803 - DEBUG    [browser_use.BrowserSession🅑 f81e 🅣 [91m--[0m] [SessionManager] Session detached: target=BDD233AA... session=A111BEFB... (remaining=0)
2026-06-17 11:22:13,803 - DEBUG    [browser_use.BrowserSession🅑 f81e 🅣 [91m--[0m] [SessionManager] No sessions remain for target BDD233AA..., removing target
2026-06-17 11:22:13,803 - DEBUG    [browser_use.BrowserSession🅑 f81e 🅣 [91m--[0m] [SessionManager] Removed target BDD233AA... (remaining targets: 11)
2026-06-17 11:22:13,803 - DEBUG    [browser_use.BrowserSession🅑 f81e 🅣 [91m--[0m] [SessionManager] Removed session A111BEFB... (remaining sessions: 22)
2026-06-17 11:22:13,803 - DEBUG    [browser_use.BrowserSession🅑 f81e 🅣 [91m--[0m] [SessionManager] Target BDD233AA... fully removed (type=worker) - not dispatching TabClosedEvent
2026-06-17 11:22:13,803 - DEBUG    [browser_use.BrowserSession🅑 f81e 🅣 [91m--[0m] [SessionManager] Session detached: target=CF502D07... session=3277FBC9... (remaining=1)
2026-06-17 11:22:13,803 - DEBUG    [browser_use.BrowserSession🅑 f81e 🅣 [91m--[0m] [SessionManager] Removed session 3277FBC9... (remaining sessions: 21)
2026-06-17 11:22:13,803 - DEBUG    [browser_use.BrowserSession🅑 f81e 🅣 [91m--[0m] [SessionManager] Session detached: target=CF502D07... session=D3559073... (remaining=0)
2026-06-17 11:22:13,803 - DEBUG    [browser_use.BrowserSession🅑 f81e 🅣 [91m--[0m] [SessionManager] No sessions remain for target CF502D07..., removing target
2026-06-17 11:22:13,803 - DEBUG    [browser_use.BrowserSession🅑 f81e 🅣 [91m--[0m] [SessionManager] Removed target CF502D07... (remaining targets: 10)
2026-06-17 11:22:13,803 - DEBUG    [browser_use.BrowserSession🅑 f81e 🅣 [91m--[0m] [SessionManager] Removed session D3559073... (remaining sessions: 20)
2026-06-17 11:22:13,804 - DEBUG    [browser_use.BrowserSession🅑 f81e 🅣 [91m--[0m] [SessionManager] Target CF502D07... fully removed (type=worker) - not dispatching TabClosedEvent
2026-06-17 11:22:13,804 - DEBUG    [browser_use.BrowserSession🅑 f81e 🅣 [91m--[0m] [SessionManager] Session detached: target=28EF05C6... session=2684EAAF... (remaining=1)
2026-06-17 11:22:13,804 - DEBUG    [browser_use.BrowserSession🅑 f81e 🅣 [91m--[0m] [SessionManager] Removed session 2684EAAF... (remaining sessions: 19)
2026-06-17 11:22:13,804 - DEBUG    [browser_use.BrowserSession🅑 f81e 🅣 [91m--[0m] [SessionManager] Session detached: target=28EF05C6... session=6971960F... (remaining=0)
2026-06-17 11:22:13,804 - DEBUG    [browser_use.BrowserSession🅑 f81e 🅣 [91m--[0m] [SessionManager] No sessions remain for target 28EF05C6..., removing target
2026-06-17 11:22:13,804 - DEBUG    [browser_use.BrowserSession🅑 f81e 🅣 [91m--[0m] [SessionManager] Removed target 28EF05C6... (remaining targets: 9)
2026-06-17 11:22:13,804 - DEBUG    [browser_use.BrowserSession🅑 f81e 🅣 [91m--[0m] [SessionManager] Removed session 6971960F... (remaining sessions: 18)
2026-06-17 11:22:13,804 - DEBUG    [browser_use.BrowserSession🅑 f81e 🅣 [91m--[0m] [SessionManager] Target 28EF05C6... fully removed (type=worker) - not dispatching TabClosedEvent
2026-06-17 11:22:13,804 - DEBUG    [browser_use.BrowserSession🅑 f81e 🅣 [91m--[0m] [SessionManager] Session detached: target=0E4872AE... session=7995C0EF... (remaining=1)
2026-06-17 11:22:13,804 - DEBUG    [browser_use.BrowserSession🅑 f81e 🅣 [91m--[0m] [SessionManager] Removed session 7995C0EF... (remaining sessions: 17)
2026-06-17 11:22:13,804 - DEBUG    [browser_use.BrowserSession🅑 f81e 🅣 [91m--[0m] [SessionManager] Session detached: target=0E4872AE... session=D18CC062... (remaining=0)
2026-06-17 11:22:13,804 - DEBUG    [browser_use.BrowserSession🅑 f81e 🅣 [91m--[0m] [SessionManager] No sessions remain for target 0E4872AE..., removing target
2026-06-17 11:22:13,804 - DEBUG    [browser_use.BrowserSession🅑 f81e 🅣 [91m--[0m] [SessionManager] Removed target 0E4872AE... (remaining targets: 8)
2026-06-17 11:22:13,804 - DEBUG    [browser_use.BrowserSession🅑 f81e 🅣 [91m--[0m] [SessionManager] Removed session D18CC062... (remaining sessions: 16)
2026-06-17 11:22:13,804 - DEBUG    [browser_use.BrowserSession🅑 f81e 🅣 [91m--[0m] [SessionManager] Target 0E4872AE... fully removed (type=worker) - not dispatching TabClosedEvent
2026-06-17 11:22:13,804 - DEBUG    [browser_use.BrowserSession🅑 f81e 🅣 [91m--[0m] [SessionManager] Session detached: target=0AA9AAC1... session=AE5DE99D... (remaining=1)
2026-06-17 11:22:13,804 - DEBUG    [browser_use.BrowserSession🅑 f81e 🅣 [91m--[0m] [SessionManager] Removed session AE5DE99D... (remaining sessions: 15)
2026-06-17 11:22:13,804 - DEBUG    [browser_use.BrowserSession🅑 f81e 🅣 [91m--[0m] [SessionManager] Session detached: target=0AA9AAC1... session=07AED1F6... (remaining=0)
2026-06-17 11:22:13,805 - DEBUG    [browser_use.BrowserSession🅑 f81e 🅣 [91m--[0m] [SessionManager] No sessions remain for target 0AA9AAC1..., removing target
2026-06-17 11:22:13,805 - DEBUG    [browser_use.BrowserSession🅑 f81e 🅣 [91m--[0m] [SessionManager] Removed target 0AA9AAC1... (remaining targets: 7)
2026-06-17 11:22:13,805 - DEBUG    [browser_use.BrowserSession🅑 f81e 🅣 [91m--[0m] [SessionManager] Removed session 07AED1F6... (remaining sessions: 14)
2026-06-17 11:22:13,805 - DEBUG    [browser_use.BrowserSession🅑 f81e 🅣 [91m--[0m] [SessionManager] Target 0AA9AAC1... fully removed (type=worker) - not dispatching TabClosedEvent
2026-06-17 11:22:13,805 - DEBUG    [browser_use.BrowserSession🅑 f81e 🅣 [91m--[0m] [SessionManager] Session detached: target=01607562... session=88C3CC16... (remaining=1)
2026-06-17 11:22:13,805 - DEBUG    [browser_use.BrowserSession🅑 f81e 🅣 [91m--[0m] [SessionManager] Removed session 88C3CC16... (remaining sessions: 13)
2026-06-17 11:22:13,805 - DEBUG    [browser_use.BrowserSession🅑 f81e 🅣 [91m--[0m] [SessionManager] Session detached: target=01607562... session=AA209AAC... (remaining=0)
2026-06-17 11:22:13,805 - DEBUG    [browser_use.BrowserSession🅑 f81e 🅣 [91m--[0m] [SessionManager] No sessions remain for target 01607562..., removing target
2026-06-17 11:22:13,805 - DEBUG    [browser_use.BrowserSession🅑 f81e 🅣 [91m--[0m] [SessionManager] Removed target 01607562... (remaining targets: 6)
2026-06-17 11:22:13,805 - DEBUG    [browser_use.BrowserSession🅑 f81e 🅣 [91m--[0m] [SessionManager] Removed session AA209AAC... (remaining sessions: 12)
2026-06-17 11:22:13,805 - DEBUG    [browser_use.BrowserSession🅑 f81e 🅣 [91m--[0m] [SessionManager] Target 01607562... fully removed (type=worker) - not dispatching TabClosedEvent
2026-06-17 11:22:13,805 - DEBUG    [browser_use.BrowserSession🅑 f81e 🅣 [91m--[0m] [SessionManager] Session detached: target=4276FE63... session=EEFBFE27... (remaining=1)
2026-06-17 11:22:13,805 - DEBUG    [browser_use.BrowserSession🅑 f81e 🅣 [91m--[0m] [SessionManager] Removed session EEFBFE27... (remaining sessions: 11)
2026-06-17 11:22:13,805 - DEBUG    [browser_use.BrowserSession🅑 f81e 🅣 [91m--[0m] [SessionManager] Session detached: target=4276FE63... session=BAE5CA7A... (remaining=0)
2026-06-17 11:22:13,805 - DEBUG    [browser_use.BrowserSession🅑 f81e 🅣 [91m--[0m] [SessionManager] No sessions remain for target 4276FE63..., removing target
2026-06-17 11:22:13,805 - DEBUG    [browser_use.BrowserSession🅑 f81e 🅣 [91m--[0m] [SessionManager] Removed target 4276FE63... (remaining targets: 5)
2026-06-17 11:22:13,806 - DEBUG    [browser_use.BrowserSession🅑 f81e 🅣 [91m--[0m] [SessionManager] Removed session BAE5CA7A... (remaining sessions: 10)
2026-06-17 11:22:13,806 - DEBUG    [browser_use.BrowserSession🅑 f81e 🅣 [91m--[0m] [SessionManager] Target 4276FE63... fully removed (type=worker) - not dispatching TabClosedEvent
2026-06-17 11:22:13,806 - DEBUG    [browser_use.BrowserSession🅑 f81e 🅣 [91m--[0m] [SessionManager] Session detached: target=96E97A27... session=CCC15D9F... (remaining=1)
2026-06-17 11:22:13,806 - DEBUG    [browser_use.BrowserSession🅑 f81e 🅣 [91m--[0m] [SessionManager] Removed session CCC15D9F... (remaining sessions: 9)
2026-06-17 11:22:13,806 - DEBUG    [browser_use.BrowserSession🅑 f81e 🅣 [91m--[0m] [SessionManager] Session detached: target=96E97A27... session=9A156C6F... (remaining=0)
2026-06-17 11:22:13,806 - DEBUG    [browser_use.BrowserSession🅑 f81e 🅣 [91m--[0m] [SessionManager] No sessions remain for target 96E97A27..., removing target
2026-06-17 11:22:13,806 - DEBUG    [browser_use.BrowserSession🅑 f81e 🅣 [91m--[0m] [SessionManager] Removed target 96E97A27... (remaining targets: 4)
2026-06-17 11:22:13,806 - DEBUG    [browser_use.BrowserSession🅑 f81e 🅣 [91m--[0m] [SessionManager] Removed session 9A156C6F... (remaining sessions: 8)
2026-06-17 11:22:13,806 - DEBUG    [browser_use.BrowserSession🅑 f81e 🅣 [91m--[0m] [SessionManager] Target 96E97A27... fully removed (type=worker) - not dispatching TabClosedEvent
2026-06-17 11:22:13,806 - DEBUG    [browser_use.BrowserSession🅑 f81e 🅣 [91m--[0m] [SessionManager] Session detached from untracked target: target=ACA1E772... session=164909F2... (target was already removed or attach event was missed)
2026-06-17 11:22:13,806 - DEBUG    [browser_use.BrowserSession🅑 f81e 🅣 [91m--[0m] [SessionManager] Session detached from untracked target: target=ACA1E772... session=099658A1... (target was already removed or attach event was missed)
2026-06-17 11:22:13,807 - DEBUG    [browser_use.BrowserSession🅑 f81e 🅣 [91m--[0m] [SessionManager] Session detached from untracked target: target=C0403BE6... session=29658006... (target was already removed or attach event was missed)
2026-06-17 11:22:13,807 - DEBUG    [browser_use.BrowserSession🅑 f81e 🅣 [91m--[0m] [SessionManager] Session detached from untracked target: target=C0403BE6... session=7662CD83... (target was already removed or attach event was missed)
2026-06-17 11:22:13,807 - DEBUG    [browser_use.BrowserSession🅑 f81e 🅣 [91m--[0m] [SessionManager] Session detached from untracked target: target=5BC76BD0... session=CCA58F0A... (target was already removed or attach event was missed)
2026-06-17 11:22:13,807 - DEBUG    [browser_use.BrowserSession🅑 f81e 🅣 [91m--[0m] [SessionManager] Session detached from untracked target: target=5BC76BD0... session=151A511C... (target was already removed or attach event was missed)
2026-06-17 11:22:13,807 - DEBUG    [browser_use.BrowserSession🅑 f81e 🅣 [91m--[0m] [SessionManager] Session detached from untracked target: target=96F8E8E0... session=1F0F6B7F... (target was already removed or attach event was missed)
2026-06-17 11:22:13,807 - DEBUG    [browser_use.BrowserSession🅑 f81e 🅣 [91m--[0m] [SessionManager] Session detached from untracked target: target=96F8E8E0... session=88FF29BF... (target was already removed or attach event was missed)
2026-06-17 11:22:13,807 - DEBUG    [browser_use.BrowserSession🅑 f81e 🅣 [91m--[0m] [SessionManager] Session detached from untracked target: target=5EB6E42A... session=F9466C8F... (target was already removed or attach event was missed)
2026-06-17 11:22:13,807 - DEBUG    [browser_use.BrowserSession🅑 f81e 🅣 [91m--[0m] [SessionManager] Session detached from untracked target: target=5EB6E42A... session=B663CE4D... (target was already removed or attach event was missed)
2026-06-17 11:22:13,808 - DEBUG    [browser_use.BrowserSession🅑 f81e 🅣 [91m--[0m] [SessionManager] Created target ACA1E772... (type=worker)
2026-06-17 11:22:13,808 - DEBUG    [browser_use.BrowserSession🅑 f81e 🅣 [91m--[0m] [SessionManager] Created session 164909F2... for target ACA1E772... (total sessions: 9)
2026-06-17 11:22:13,808 - DEBUG    [browser_use.BrowserSession🅑 f81e 🅣 [91m--[0m] [SessionManager] Created session 099658A1... for target ACA1E772... (total sessions: 10)
2026-06-17 11:22:13,808 - DEBUG    [browser_use.BrowserSession🅑 f81e 🅣 [91m--[0m] [SessionManager] Created target C0403BE6... (type=worker)
2026-06-17 11:22:13,808 - DEBUG    [browser_use.BrowserSession🅑 f81e 🅣 [91m--[0m] [SessionManager] Created session 29658006... for target C0403BE6... (total sessions: 11)
2026-06-17 11:22:13,808 - DEBUG    [browser_use.BrowserSession🅑 f81e 🅣 [91m--[0m] [SessionManager] Created session 7662CD83... for target C0403BE6... (total sessions: 12)
2026-06-17 11:22:13,808 - DEBUG    [browser_use.BrowserSession🅑 f81e 🅣 [91m--[0m] [SessionManager] Created target 5BC76BD0... (type=worker)
2026-06-17 11:22:13,808 - DEBUG    [browser_use.BrowserSession🅑 f81e 🅣 [91m--[0m] [SessionManager] Created session CCA58F0A... for target 5BC76BD0... (total sessions: 13)
2026-06-17 11:22:13,809 - DEBUG    [browser_use.BrowserSession🅑 f81e 🅣 [91m--[0m] [SessionManager] Created session 151A511C... for target 5BC76BD0... (total sessions: 14)
2026-06-17 11:22:13,809 - DEBUG    [browser_use.BrowserSession🅑 f81e 🅣 [91m--[0m] [SessionManager] Created target 96F8E8E0... (type=worker)
2026-06-17 11:22:13,809 - DEBUG    [browser_use.BrowserSession🅑 f81e 🅣 [91m--[0m] [SessionManager] Created session 1F0F6B7F... for target 96F8E8E0... (total sessions: 15)
2026-06-17 11:22:13,809 - DEBUG    [browser_use.BrowserSession🅑 f81e 🅣 [91m--[0m] [SessionManager] Created session 88FF29BF... for target 96F8E8E0... (total sessions: 16)
2026-06-17 11:22:13,809 - DEBUG    [browser_use.BrowserSession🅑 f81e 🅣 [91m--[0m] [SessionManager] Created target 5EB6E42A... (type=worker)
2026-06-17 11:22:13,809 - DEBUG    [browser_use.BrowserSession🅑 f81e 🅣 [91m--[0m] [SessionManager] Created session F9466C8F... for target 5EB6E42A... (total sessions: 17)
2026-06-17 11:22:13,809 - DEBUG    [browser_use.BrowserSession🅑 f81e 🅣 [91m--[0m] [SessionManager] Created session B663CE4D... for target 5EB6E42A... (total sessions: 18)
2026-06-17 11:22:13,809 - DEBUG    [browser_use.BrowserSession🅑 f81e 🅣 [91m--[0m] [SessionManager] Session detached from untracked target: target=EC89D28E... session=A0374BD5... (target was already removed or attach event was missed)
2026-06-17 11:22:13,809 - DEBUG    [browser_use.BrowserSession🅑 f81e 🅣 [91m--[0m] [SessionManager] Session detached from untracked target: target=EC89D28E... session=1DC44A6B... (target was already removed or attach event was missed)
2026-06-17 11:22:13,809 - DEBUG    [browser_use.BrowserSession🅑 f81e 🅣 [91m--[0m] [SessionManager] Session detached: target=C75205F9... session=50173C00... (remaining=1)
2026-06-17 11:22:13,809 - DEBUG    [browser_use.BrowserSession🅑 f81e 🅣 [91m--[0m] [SessionManager] Removed session 50173C00... (remaining sessions: 17)
2026-06-17 11:22:13,809 - DEBUG    [browser_use.BrowserSession🅑 f81e 🅣 [91m--[0m] [SessionManager] Session detached: target=C75205F9... session=8693113C... (remaining=0)
2026-06-17 11:22:13,809 - DEBUG    [browser_use.BrowserSession🅑 f81e 🅣 [91m--[0m] [SessionManager] No sessions remain for target C75205F9..., removing target
2026-06-17 11:22:13,810 - DEBUG    [browser_use.BrowserSession🅑 f81e 🅣 [91m--[0m] [SessionManager] Removed target C75205F9... (remaining targets: 8)
2026-06-17 11:22:13,810 - DEBUG    [browser_use.BrowserSession🅑 f81e 🅣 [91m--[0m] [SessionManager] Removed session 8693113C... (remaining sessions: 16)
2026-06-17 11:22:13,810 - DEBUG    [browser_use.BrowserSession🅑 f81e 🅣 [91m--[0m] [SessionManager] Target C75205F9... fully removed (type=worker) - not dispatching TabClosedEvent
2026-06-17 11:22:13,810 - DEBUG    [browser_use.BrowserSession🅑 f81e 🅣 [91m--[0m] [SessionManager] Created target EC89D28E... (type=worker)
2026-06-17 11:22:13,810 - DEBUG    [browser_use.BrowserSession🅑 f81e 🅣 [91m--[0m] [SessionManager] Created session A0374BD5... for target EC89D28E... (total sessions: 17)
2026-06-17 11:22:13,810 - DEBUG    [browser_use.BrowserSession🅑 f81e 🅣 [91m--[0m] [SessionManager] Created session 1DC44A6B... for target EC89D28E... (total sessions: 18)
2026-06-17 11:22:13,965 - DEBUG    [browser_use.BrowserSession🅑 f81e 🅣 [91m--[0m] [SessionManager] Session detached: target=108A2563... session=49DA6748... (remaining=1)
2026-06-17 11:22:13,965 - DEBUG    [browser_use.BrowserSession🅑 f81e 🅣 [91m--[0m] [SessionManager] Removed session 49DA6748... (remaining sessions: 17)
2026-06-17 11:22:13,965 - DEBUG    [browser_use.BrowserSession🅑 f81e 🅣 [91m--[0m] [SessionManager] Session detached: target=108A2563... session=BDB40D12... (remaining=0)
2026-06-17 11:22:13,965 - DEBUG    [browser_use.BrowserSession🅑 f81e 🅣 [91m--[0m] [SessionManager] No sessions remain for target 108A2563..., removing target
2026-06-17 11:22:13,965 - DEBUG    [browser_use.BrowserSession🅑 f81e 🅣 [91m--[0m] [SessionManager] Removed target 108A2563... (remaining targets: 8)
2026-06-17 11:22:13,965 - DEBUG    [browser_use.BrowserSession🅑 f81e 🅣 [91m--[0m] [SessionManager] Removed session BDB40D12... (remaining sessions: 16)
2026-06-17 11:22:13,965 - DEBUG    [browser_use.BrowserSession🅑 f81e 🅣 [91m--[0m] [SessionManager] Target 108A2563... fully removed (type=iframe) - not dispatching TabClosedEvent
2026-06-17 11:22:13,968 - DEBUG    [browser_use.BrowserSession🅑 f81e 🅣 [91m--[0m] [SessionManager] Session detached: target=A0819009... session=AA008F3B... (remaining=1)
2026-06-17 11:22:13,968 - DEBUG    [browser_use.BrowserSession🅑 f81e 🅣 [91m--[0m] [SessionManager] Removed session AA008F3B... (remaining sessions: 15)
2026-06-17 11:22:13,968 - DEBUG    [browser_use.BrowserSession🅑 f81e 🅣 [91m--[0m] [SessionManager] Session detached: target=A0819009... session=3CB1553F... (remaining=0)
2026-06-17 11:22:13,968 - DEBUG    [browser_use.BrowserSession🅑 f81e 🅣 [91m--[0m] [SessionManager] No sessions remain for target A0819009..., removing target
2026-06-17 11:22:13,968 - DEBUG    [browser_use.BrowserSession🅑 f81e 🅣 [91m--[0m] [SessionManager] Removed target A0819009... (remaining targets: 7)
2026-06-17 11:22:13,968 - DEBUG    [browser_use.BrowserSession🅑 f81e 🅣 [91m--[0m] [SessionManager] Removed session 3CB1553F... (remaining sessions: 14)
2026-06-17 11:22:13,968 - DEBUG    [browser_use.BrowserSession🅑 f81e 🅣 [91m--[0m] [SessionManager] Target A0819009... fully removed (type=worker) - not dispatching TabClosedEvent
2026-06-17 11:22:16,821 - DEBUG    [browser_use.BrowserSession🅑 f81e 🅣 [91m--[0m] [SessionManager] Target attached: 36E3306A... (session=33B38336..., type=worker, waitingForDebugger=False)
2026-06-17 11:22:16,821 - DEBUG    [browser_use.BrowserSession🅑 f81e 🅣 [91m--[0m] [SessionManager] Target attached: 36E3306A... (session=F3C09C9A..., type=worker, waitingForDebugger=False)
2026-06-17 11:22:16,823 - DEBUG    [browser_use.BrowserSession🅑 f81e 🅣 [91m--[0m] [SessionManager] Created target 36E3306A... (type=worker)
2026-06-17 11:22:16,823 - DEBUG    [browser_use.BrowserSession🅑 f81e 🅣 [91m--[0m] [SessionManager] Created session 33B38336... for target 36E3306A... (total sessions: 15)
2026-06-17 11:22:16,823 - DEBUG    [browser_use.BrowserSession🅑 f81e 🅣 [91m--[0m] [SessionManager] Created session F3C09C9A... for target 36E3306A... (total sessions: 16)
2026-06-17 11:22:16,905 - DEBUG    [browser_use.BrowserSession🅑 f81e 🅣 [91m--[0m] [SessionManager] Target attached: DEE3A687... (session=5BB0774D..., type=iframe, waitingForDebugger=False)
2026-06-17 11:22:16,905 - DEBUG    [browser_use.BrowserSession🅑 f81e 🅣 [91m--[0m] [SessionManager] Target attached: DEE3A687... (session=511079C1..., type=iframe, waitingForDebugger=False)
2026-06-17 11:22:16,905 - DEBUG    [browser_use.BrowserSession🅑 f81e 🅣 [91m--[0m] [SessionManager] Created target DEE3A687... (type=iframe)
2026-06-17 11:22:16,906 - DEBUG    [browser_use.BrowserSession🅑 f81e 🅣 [91m--[0m] [SessionManager] Created session 5BB0774D... for target DEE3A687... (total sessions: 17)
2026-06-17 11:22:16,930 - DEBUG    [browser_use.BrowserSession🅑 f81e 🅣 [91m--[0m] [SessionManager] Created session 511079C1... for target DEE3A687... (total sessions: 18)
2026-06-17 11:22:17,396 - DEBUG    [browser_use.BrowserSession🅑 f81e 🅣 E5] ⏳ execute_action() took 7.01s
2026-06-17 11:22:17,396 - DEBUG    [browser_use.Agent🅰 56e2 ⇢ 🅑 f81e 🅣 E5] ⏳ multi_act() took 7.01s
2026-06-17 11:22:17,396 - DEBUG    [browser_use.Agent🅰 56e2 ⇢ 🅑 f81e 🅣 E5] 📸 No screenshot in browser_state_summary for step 4
2026-06-17 11:22:17,396 - DEBUG    [browser_use.Agent🅰 56e2 ⇢ 🅑 f81e 🅣 E5] 📍 Step 4: Ran 1 action in 16.44s: ✅ 1
2026-06-17 11:22:17,396 - DEBUG    [browser_use.agent.cloud_events] 📸 No screenshot in browser_state_summary for CreateAgentStepEvent
2026-06-17 11:22:17,397 - DEBUG    [browser_use.Agent🅰 56e2 ⇢ 🅑 f81e 🅣 E5] ⏳ step() took 16.44s
2026-06-17 11:22:17,397 - DEBUG    [browser_use.Agent🅰 56e2 ⇢ 🅑 f81e 🅣 E5] ✅ Completed step 4/100000
2026-06-17 11:22:17,397 - DEBUG    [browser_use.Agent🅰 56e2 ⇢ 🅑 f81e 🅣 E5] 🚶 Starting step 5/100000...
2026-06-17 11:22:17,397 - DEBUG    [browser_use.Agent🅰 56e2 ⇢ 🅑 f81e 🅣 E5] 🌐 Step 5: Getting browser state...
2026-06-17 11:22:17,397 - DEBUG    [browser_use.Agent🅰 56e2 ⇢ 🅑 f81e 🅣 E5] 📸 Requesting browser state with include_screenshot=True
2026-06-17 11:22:17,398 - DEBUG    [browser_use.BrowserSession🅑 f81e 🅣 E5] 🚌 [DownloadsWatchdog.on_BrowserStateRequestEvent(#643f)] ⏳ Starting...       👈 by Agent 
2026-06-17 11:22:17,398 - DEBUG    [browser_use.BrowserSession🅑 f81e 🅣 E5] [DownloadsWatchdog] Lightweight downloads enabled; skipping BrowserStateRequestEvent 643f
2026-06-17 11:22:17,398 - DEBUG    [browser_use.BrowserSession🅑 f81e 🅣 E5] 🚌 [DownloadsWatchdog.on_BrowserStateRequestEvent(#643f)] Succeeded (0.00s) 👉 returned to  Agent
2026-06-17 11:22:17,398 - DEBUG    [browser_use.BrowserSession🅑 f81e 🅣 E5] 🚌 [DOMWatchdog.on_BrowserStateRequestEvent(#643f)]       ⏳ Starting...       👈 by Agent 
2026-06-17 11:22:17,399 - DEBUG    [browser_use.BrowserSession🅑 f81e 🅣 E5] 🔍 DOMWatchdog.on_BrowserStateRequestEvent: STARTING browser state request
2026-06-17 11:22:17,399 - DEBUG    [browser_use.BrowserSession🅑 f81e 🅣 E5] 🔍 DOMWatchdog.on_BrowserStateRequestEvent: Got page URL: https://idp.bl.uk/
2026-06-17 11:22:17,399 - DEBUG    [browser_use.BrowserSession🅑 f81e 🅣 E5] Current page URL: https://idp.bl.uk/, target_id: 724B47812F0E7B0650B39558B22A6AE5
2026-06-17 11:22:17,399 - DEBUG    [browser_use.BrowserSession🅑 f81e 🅣 E5] 🔍 DOMWatchdog.on_BrowserStateRequestEvent: ⏳ Waiting for page stability...
2026-06-17 11:22:17,399 - DEBUG    [browser_use.BrowserSession🅑 f81e 🅣 E5] 🔍 DOMWatchdog.on_BrowserStateRequestEvent: ✅ Page stability complete
2026-06-17 11:22:17,399 - DEBUG    [browser_use.BrowserSession🅑 f81e 🅣 E5] 🔍 DOMWatchdog.on_BrowserStateRequestEvent: Getting tabs info...
2026-06-17 11:22:17,399 - DEBUG    [browser_use.BrowserSession🅑 f81e 🅣 E5] 🔍 DOMWatchdog.on_BrowserStateRequestEvent: Got 1 tabs
2026-06-17 11:22:17,399 - DEBUG    [browser_use.BrowserSession🅑 f81e 🅣 E5] 🔍 DOMWatchdog.on_BrowserStateRequestEvent: Tabs info: [TabInfo(url='https://idp.bl.uk/', title='Just a moment...', target_id='724B47812F0E7B0650B39558B22A6AE5', parent_target_id=None)]
2026-06-17 11:22:17,399 - DEBUG    [browser_use.BrowserSession🅑 f81e 🅣 E5] 🔍 DOMWatchdog.on_BrowserStateRequestEvent: 🌳 Starting DOM tree build task...
2026-06-17 11:22:17,399 - DEBUG    [browser_use.BrowserSession🅑 f81e 🅣 E5] 🔍 DOMWatchdog._build_dom_tree_without_highlights: STARTING DOM tree build
2026-06-17 11:22:17,399 - DEBUG    [browser_use.BrowserSession🅑 f81e 🅣 E5] 🔍 DOMWatchdog._build_dom_tree_without_highlights: Calling DomService.get_serialized_dom_tree...
2026-06-17 11:22:17,400 - DEBUG    [browser_use.BrowserSession🅑 f81e 🅣 E5] 🔍 DEBUG: Capturing DOM snapshot for target 724B47812F0E7B0650B39558B22A6AE5
2026-06-17 11:22:17,402 - DEBUG    [browser_use.BrowserSession🅑 f81e 🅣 E5] Detected 0 elements with JS click listeners
2026-06-17 11:22:17,409 - DEBUG    [browser_use.BrowserSession🅑 f81e 🅣 E5] 🔍 DEBUG: Snapshot contains 1 frames with 17 total nodes
2026-06-17 11:22:17,409 - DEBUG    [browser_use.dom.enhanced_snapshot] 🔍 SNAPSHOT: Processing 1 documents with 131 strings
2026-06-17 11:22:17,409 - DEBUG    [browser_use.dom.enhanced_snapshot] 🔍 SNAPSHOT doc[0]: url=https://idp.bl.uk/... has 63 nodes, layout has 33 entries
2026-06-17 11:22:17,410 - DEBUG    [browser_use.dom.enhanced_snapshot] 🔍 SNAPSHOT: Built lookup with 63 total entries, 33 have bounds
2026-06-17 11:22:17,410 - DEBUG    [browser_use.BrowserSession🅑 f81e 🅣 E5] 🔍 DEBUG: HTML frame scroll - scrollY=0, scrollX=0, frameId=724B47812F0E7B0650B39558B22A6AE5, nodeId=3
2026-06-17 11:22:17,410 - DEBUG    [browser_use.BrowserSession🅑 f81e 🅣 E5] Processing cross-origin iframe: visible=True, width=300.0, height=65.0
2026-06-17 11:22:17,411 - DEBUG    [browser_use.BrowserSession🅑 f81e 🅣 E5] 🔍 NO SNAPSHOT DATA for <INPUT> backendNodeId=142 name=cf-turnstile-response id=cf-chl-widget-b5r4w_response  (snapshot_lookup has 63 entries)
2026-06-17 11:22:17,413 - DEBUG    [browser_use.BrowserSession🅑 f81e 🅣 E5] 🔍 DOMWatchdog._build_dom_tree_without_highlights: ✅ DomService.get_serialized_dom_tree completed
2026-06-17 11:22:17,413 - DEBUG    [browser_use.BrowserSession🅑 f81e 🅣 E5] ⏱️ Total DOM tree time: 13.67ms
📊 Timing breakdown:
  ├─ get_all_trees: 9.28ms
  │  ├─ iframe_scroll_detection: 1.00ms
  │  ├─ cdp_parallel_calls: 6.27ms
  ├─ build_snapshot_lookup: 1.00ms
  ├─ construct_enhanced_tree: 2.31ms
  ├─ serialize_accessible_elements: 1.08ms
  │  ├─ create_simplified_tree: 0.57ms
  │  │  └─ clickable_detection: 0.51ms
  │  └─ assign_interactive_indices: 0.51ms
2026-06-17 11:22:17,413 - DEBUG    [browser_use.BrowserSession🅑 f81e 🅣 E5] 🔍 DOMWatchdog._build_dom_tree_without_highlights: Updating selector maps...
2026-06-17 11:22:17,413 - DEBUG    [browser_use.BrowserSession🅑 f81e 🅣 E5] 🔍 DOMWatchdog._build_dom_tree_without_highlights: ✅ Selector maps updated, 3 elements
2026-06-17 11:22:17,414 - DEBUG    [browser_use.BrowserSession🅑 f81e 🅣 E5] 🔍 DOMWatchdog._build_dom_tree_without_highlights: ✅ COMPLETED DOM tree build (no JS highlights)
2026-06-17 11:22:17,414 - DEBUG    [browser_use.BrowserSession🅑 f81e 🅣 E5] 🔍 DOMWatchdog.on_BrowserStateRequestEvent: ✅ DOM tree build completed
2026-06-17 11:22:17,414 - DEBUG    [browser_use.BrowserSession🅑 f81e 🅣 E5] 🔍 DOMWatchdog.on_BrowserStateRequestEvent: Getting page title...
2026-06-17 11:22:17,414 - DEBUG    [browser_use.BrowserSession🅑 f81e 🅣 E5] 🔍 DOMWatchdog.on_BrowserStateRequestEvent: Got title: Just a moment...
2026-06-17 11:22:17,414 - DEBUG    [browser_use.BrowserSession🅑 f81e 🅣 E5] 🔍 DOMWatchdog.on_BrowserStateRequestEvent: Getting page info from CDP...
2026-06-17 11:22:17,415 - DEBUG    [browser_use.BrowserSession🅑 f81e 🅣 E5] 🔍 DOMWatchdog.on_BrowserStateRequestEvent: Got page info from CDP: viewport_width=1710 viewport_height=990 page_width=1710 page_height=990 scroll_x=0 scroll_y=0 pixels_above=0 pixels_below=0 pixels_left=0 pixels_right=0
2026-06-17 11:22:17,415 - DEBUG    [browser_use.BrowserSession🅑 f81e 🅣 E5] 🔍 DOMWatchdog._detect_pagination_buttons: Detecting pagination buttons...
2026-06-17 11:22:17,415 - DEBUG    [browser_use.BrowserSession🅑 f81e 🅣 E5] 🔍 DOMWatchdog.on_BrowserStateRequestEvent: 📸 Creating BrowserStateSummary WITHOUT screenshot
2026-06-17 11:22:17,415 - DEBUG    [browser_use.BrowserSession🅑 f81e 🅣 E5] 🔍 DOMWatchdog.on_BrowserStateRequestEvent: ✅ COMPLETED - Returning browser state
2026-06-17 11:22:17,415 - DEBUG    [browser_use.BrowserSession🅑 f81e 🅣 E5] 🚌 [DOMWatchdog.on_BrowserStateRequestEvent(#643f)]       Succeeded (0.02s) ➡️ <BrowserStateSummary> 👉 returned to  Agent
2026-06-17 11:22:17,427 - DEBUG    [browser_use.Agent🅰 56e2 ⇢ 🅑 f81e 🅣 E5] 📸 Got browser state WITHOUT screenshot
2026-06-17 11:22:17,427 - INFO     [Agent] 

2026-06-17 11:22:17,427 - INFO     [Agent] 📍 Step 5:
2026-06-17 11:22:17,427 - DEBUG    [browser_use.Agent🅰 56e2 ⇢ 🅑 f81e 🅣 E5] Evaluating page with 3 interactive elements on: https://idp.bl.uk/
2026-06-17 11:22:17,428 - DEBUG    [browser_use.Agent🅰 56e2 ⇢ 🅑 f81e 🅣 E5] 📝 Step 5: Updating action models...
2026-06-17 11:22:17,445 - DEBUG    [browser_use.Agent🅰 56e2 ⇢ 🅑 f81e 🅣 E5] 💬 Step 5: Creating state messages for context...
2026-06-17 11:22:17,445 - DEBUG    [browser_use.agent.message_manager.service] Added long_term_memory to action_results: Waited for 8 seconds
2026-06-17 11:22:17,446 - DEBUG    [browser_use.agent.message_manager.service] 
2026-06-17 11:22:17,446 - DEBUG    [browser_use.Agent🅰 56e2 ⇢ 🅑 f81e 🅣 E5] 🤖 Step 5: Calling LLM with 2 messages (model: qwen3.5-397b-a17b)...
2026-06-17 11:22:18,119 - DEBUG    [browser_use.BrowserSession🅑 f81e 🅣 [91m--[0m] [SessionManager] Target attached: 927CE5AD... (session=5D956EE9..., type=worker, waitingForDebugger=False)
2026-06-17 11:22:18,120 - DEBUG    [browser_use.BrowserSession🅑 f81e 🅣 [91m--[0m] [SessionManager] Target attached: 927CE5AD... (session=94BFE086..., type=worker, waitingForDebugger=False)
2026-06-17 11:22:18,120 - DEBUG    [browser_use.BrowserSession🅑 f81e 🅣 [91m--[0m] [SessionManager] Created target 927CE5AD... (type=worker)
2026-06-17 11:22:18,120 - DEBUG    [browser_use.BrowserSession🅑 f81e 🅣 [91m--[0m] [SessionManager] Created session 5D956EE9... for target 927CE5AD... (total sessions: 19)
2026-06-17 11:22:18,121 - DEBUG    [browser_use.BrowserSession🅑 f81e 🅣 [91m--[0m] [SessionManager] Created session 94BFE086... for target 927CE5AD... (total sessions: 20)
2026-06-17 11:22:18,244 - DEBUG    [browser_use.BrowserSession🅑 f81e 🅣 [91m--[0m] [SessionManager] Target attached: 8A52EDB6... (session=A01E5AB6..., type=worker, waitingForDebugger=False)
2026-06-17 11:22:18,245 - DEBUG    [browser_use.BrowserSession🅑 f81e 🅣 [91m--[0m] [SessionManager] Target attached: 8A52EDB6... (session=D507B8CB..., type=worker, waitingForDebugger=False)
2026-06-17 11:22:18,245 - DEBUG    [browser_use.BrowserSession🅑 f81e 🅣 [91m--[0m] [SessionManager] Created target 8A52EDB6... (type=worker)
2026-06-17 11:22:18,245 - DEBUG    [browser_use.BrowserSession🅑 f81e 🅣 [91m--[0m] [SessionManager] Created session A01E5AB6... for target 8A52EDB6... (total sessions: 21)
2026-06-17 11:22:18,246 - DEBUG    [browser_use.BrowserSession🅑 f81e 🅣 [91m--[0m] [SessionManager] Created session D507B8CB... for target 8A52EDB6... (total sessions: 22)
2026-06-17 11:22:18,246 - DEBUG    [browser_use.BrowserSession🅑 f81e 🅣 [91m--[0m] [SessionManager] Session detached: target=8A52EDB6... session=A01E5AB6... (remaining=1)
2026-06-17 11:22:18,246 - DEBUG    [browser_use.BrowserSession🅑 f81e 🅣 [91m--[0m] [SessionManager] Removed session A01E5AB6... (remaining sessions: 21)
2026-06-17 11:22:18,246 - DEBUG    [browser_use.BrowserSession🅑 f81e 🅣 [91m--[0m] [SessionManager] Session detached: target=8A52EDB6... session=D507B8CB... (remaining=0)
2026-06-17 11:22:18,246 - DEBUG    [browser_use.BrowserSession🅑 f81e 🅣 [91m--[0m] [SessionManager] No sessions remain for target 8A52EDB6..., removing target
2026-06-17 11:22:18,247 - DEBUG    [browser_use.BrowserSession🅑 f81e 🅣 [91m--[0m] [SessionManager] Removed target 8A52EDB6... (remaining targets: 10)
2026-06-17 11:22:18,247 - DEBUG    [browser_use.BrowserSession🅑 f81e 🅣 [91m--[0m] [SessionManager] Removed session D507B8CB... (remaining sessions: 20)
2026-06-17 11:22:18,247 - DEBUG    [browser_use.BrowserSession🅑 f81e 🅣 [91m--[0m] [SessionManager] Target 8A52EDB6... fully removed (type=worker) - not dispatching TabClosedEvent
2026-06-17 11:22:19,101 - DEBUG    [browser_use.BrowserSession🅑 f81e 🅣 [91m--[0m] [SessionManager] Session detached: target=927CE5AD... session=5D956EE9... (remaining=1)
2026-06-17 11:22:19,101 - DEBUG    [browser_use.BrowserSession🅑 f81e 🅣 [91m--[0m] [SessionManager] Removed session 5D956EE9... (remaining sessions: 19)
2026-06-17 11:22:19,101 - DEBUG    [browser_use.BrowserSession🅑 f81e 🅣 [91m--[0m] [SessionManager] Session detached: target=927CE5AD... session=94BFE086... (remaining=0)
2026-06-17 11:22:19,101 - DEBUG    [browser_use.BrowserSession🅑 f81e 🅣 [91m--[0m] [SessionManager] No sessions remain for target 927CE5AD..., removing target
2026-06-17 11:22:19,101 - DEBUG    [browser_use.BrowserSession🅑 f81e 🅣 [91m--[0m] [SessionManager] Removed target 927CE5AD... (remaining targets: 9)
2026-06-17 11:22:19,102 - DEBUG    [browser_use.BrowserSession🅑 f81e 🅣 [91m--[0m] [SessionManager] Removed session 94BFE086... (remaining sessions: 18)
2026-06-17 11:22:19,102 - DEBUG    [browser_use.BrowserSession🅑 f81e 🅣 [91m--[0m] [SessionManager] Target 927CE5AD... fully removed (type=worker) - not dispatching TabClosedEvent
2026-06-17 11:22:19,261 - DEBUG    [browser_use.BrowserSession🅑 f81e 🅣 [91m--[0m] [SessionManager] Target attached: 2DE860C9... (session=80BBAEE5..., type=worker, waitingForDebugger=False)
2026-06-17 11:22:19,262 - DEBUG    [browser_use.BrowserSession🅑 f81e 🅣 [91m--[0m] [SessionManager] Target attached: 2DE860C9... (session=A79F0A76..., type=worker, waitingForDebugger=False)
2026-06-17 11:22:19,263 - DEBUG    [browser_use.BrowserSession🅑 f81e 🅣 [91m--[0m] [SessionManager] Created target 2DE860C9... (type=worker)
2026-06-17 11:22:19,263 - DEBUG    [browser_use.BrowserSession🅑 f81e 🅣 [91m--[0m] [SessionManager] Created session 80BBAEE5... for target 2DE860C9... (total sessions: 19)
2026-06-17 11:22:19,263 - DEBUG    [browser_use.BrowserSession🅑 f81e 🅣 [91m--[0m] [SessionManager] Created session A79F0A76... for target 2DE860C9... (total sessions: 20)
2026-06-17 11:22:21,395 - DEBUG    [browser_use.BrowserSession🅑 f81e 🅣 [91m--[0m] [SessionManager] Target attached: E9A8CBBB... (session=FA3E1D21..., type=worker, waitingForDebugger=False)
2026-06-17 11:22:21,396 - DEBUG    [browser_use.BrowserSession🅑 f81e 🅣 [91m--[0m] [SessionManager] Target attached: E9A8CBBB... (session=368F1469..., type=worker, waitingForDebugger=False)
2026-06-17 11:22:21,397 - DEBUG    [browser_use.BrowserSession🅑 f81e 🅣 [91m--[0m] [SessionManager] Target attached: 64193C84... (session=C1C15042..., type=worker, waitingForDebugger=False)
2026-06-17 11:22:21,397 - DEBUG    [browser_use.BrowserSession🅑 f81e 🅣 [91m--[0m] [SessionManager] Target attached: 64193C84... (session=E47924A3..., type=worker, waitingForDebugger=False)
2026-06-17 11:22:21,397 - DEBUG    [browser_use.BrowserSession🅑 f81e 🅣 [91m--[0m] [SessionManager] Target attached: 6CA49012... (session=FCD4239B..., type=worker, waitingForDebugger=False)
2026-06-17 11:22:21,398 - DEBUG    [browser_use.BrowserSession🅑 f81e 🅣 [91m--[0m] [SessionManager] Target attached: 6CA49012... (session=86E3B2BD..., type=worker, waitingForDebugger=False)
2026-06-17 11:22:21,398 - DEBUG    [browser_use.BrowserSession🅑 f81e 🅣 [91m--[0m] [SessionManager] Target attached: 39B0D033... (session=6D94BA2F..., type=worker, waitingForDebugger=False)
2026-06-17 11:22:21,398 - DEBUG    [browser_use.BrowserSession🅑 f81e 🅣 [91m--[0m] [SessionManager] Target attached: 39B0D033... (session=B87F4C85..., type=worker, waitingForDebugger=False)
2026-06-17 11:22:21,398 - DEBUG    [browser_use.BrowserSession🅑 f81e 🅣 [91m--[0m] [SessionManager] Target attached: 7ACEA079... (session=93613A4D..., type=worker, waitingForDebugger=False)
2026-06-17 11:22:21,399 - DEBUG    [browser_use.BrowserSession🅑 f81e 🅣 [91m--[0m] [SessionManager] Target attached: 7ACEA079... (session=41228BAD..., type=worker, waitingForDebugger=False)
2026-06-17 11:22:21,399 - DEBUG    [browser_use.BrowserSession🅑 f81e 🅣 [91m--[0m] [SessionManager] Target attached: BECDDB8B... (session=7C23716F..., type=worker, waitingForDebugger=False)
2026-06-17 11:22:21,399 - DEBUG    [browser_use.BrowserSession🅑 f81e 🅣 [91m--[0m] [SessionManager] Target attached: BECDDB8B... (session=FE3979AC..., type=worker, waitingForDebugger=False)
2026-06-17 11:22:21,409 - DEBUG    [browser_use.BrowserSession🅑 f81e 🅣 [91m--[0m] [SessionManager] Created target E9A8CBBB... (type=worker)
2026-06-17 11:22:21,410 - DEBUG    [browser_use.BrowserSession🅑 f81e 🅣 [91m--[0m] [SessionManager] Created session FA3E1D21... for target E9A8CBBB... (total sessions: 21)
2026-06-17 11:22:21,410 - DEBUG    [browser_use.BrowserSession🅑 f81e 🅣 [91m--[0m] [SessionManager] Target attached: 287AC477... (session=E6508E80..., type=worker, waitingForDebugger=False)
2026-06-17 11:22:21,410 - DEBUG    [browser_use.BrowserSession🅑 f81e 🅣 [91m--[0m] [SessionManager] Target attached: 287AC477... (session=CB0A385A..., type=worker, waitingForDebugger=False)
2026-06-17 11:22:21,410 - DEBUG    [browser_use.BrowserSession🅑 f81e 🅣 [91m--[0m] [SessionManager] Created session 368F1469... for target E9A8CBBB... (total sessions: 22)
2026-06-17 11:22:21,410 - DEBUG    [browser_use.BrowserSession🅑 f81e 🅣 [91m--[0m] [SessionManager] Target attached: 62A986AC... (session=54B6BC3B..., type=worker, waitingForDebugger=False)
2026-06-17 11:22:21,410 - DEBUG    [browser_use.BrowserSession🅑 f81e 🅣 [91m--[0m] [SessionManager] Target attached: 62A986AC... (session=A69850F3..., type=worker, waitingForDebugger=False)
2026-06-17 11:22:21,410 - DEBUG    [browser_use.BrowserSession🅑 f81e 🅣 [91m--[0m] [SessionManager] Created target 64193C84... (type=worker)
2026-06-17 11:22:21,411 - DEBUG    [browser_use.BrowserSession🅑 f81e 🅣 [91m--[0m] [SessionManager] Created session C1C15042... for target 64193C84... (total sessions: 23)
2026-06-17 11:22:21,411 - DEBUG    [browser_use.BrowserSession🅑 f81e 🅣 [91m--[0m] [SessionManager] Target attached: 2367678E... (session=4B1765FC..., type=worker, waitingForDebugger=False)
2026-06-17 11:22:21,411 - DEBUG    [browser_use.BrowserSession🅑 f81e 🅣 [91m--[0m] [SessionManager] Target attached: 2367678E... (session=5280B887..., type=worker, waitingForDebugger=False)
2026-06-17 11:22:21,411 - DEBUG    [browser_use.BrowserSession🅑 f81e 🅣 [91m--[0m] [SessionManager] Target attached: D465D6E2... (session=7AA0822F..., type=worker, waitingForDebugger=False)
2026-06-17 11:22:21,411 - DEBUG    [browser_use.BrowserSession🅑 f81e 🅣 [91m--[0m] [SessionManager] Target attached: D465D6E2... (session=BD2563FB..., type=worker, waitingForDebugger=False)
2026-06-17 11:22:21,411 - DEBUG    [browser_use.BrowserSession🅑 f81e 🅣 [91m--[0m] [SessionManager] Target attached: 572C4491... (session=0BAE64FA..., type=worker, waitingForDebugger=False)
2026-06-17 11:22:21,411 - DEBUG    [browser_use.BrowserSession🅑 f81e 🅣 [91m--[0m] [SessionManager] Target attached: 572C4491... (session=C79C21E5..., type=worker, waitingForDebugger=False)
2026-06-17 11:22:21,411 - DEBUG    [browser_use.BrowserSession🅑 f81e 🅣 [91m--[0m] [SessionManager] Target attached: 046B87D8... (session=E3CEC0D9..., type=worker, waitingForDebugger=False)
2026-06-17 11:22:21,411 - DEBUG    [browser_use.BrowserSession🅑 f81e 🅣 [91m--[0m] [SessionManager] Target attached: 046B87D8... (session=4B2AC524..., type=worker, waitingForDebugger=False)
2026-06-17 11:22:21,412 - DEBUG    [browser_use.BrowserSession🅑 f81e 🅣 [91m--[0m] [SessionManager] Target attached: 8C558CF0... (session=7F157776..., type=worker, waitingForDebugger=False)
2026-06-17 11:22:21,412 - DEBUG    [browser_use.BrowserSession🅑 f81e 🅣 [91m--[0m] [SessionManager] Target attached: 8C558CF0... (session=4F9B2374..., type=worker, waitingForDebugger=False)
2026-06-17 11:22:21,412 - DEBUG    [browser_use.BrowserSession🅑 f81e 🅣 [91m--[0m] [SessionManager] Target attached: 3343619D... (session=A0A4D225..., type=worker, waitingForDebugger=False)
2026-06-17 11:22:21,412 - DEBUG    [browser_use.BrowserSession🅑 f81e 🅣 [91m--[0m] [SessionManager] Target attached: 3343619D... (session=53789616..., type=worker, waitingForDebugger=False)
2026-06-17 11:22:21,412 - DEBUG    [browser_use.BrowserSession🅑 f81e 🅣 [91m--[0m] [SessionManager] Target attached: D2550D4D... (session=DC93C969..., type=worker, waitingForDebugger=False)
2026-06-17 11:22:21,412 - DEBUG    [browser_use.BrowserSession🅑 f81e 🅣 [91m--[0m] [SessionManager] Target attached: D2550D4D... (session=E54D241F..., type=worker, waitingForDebugger=False)
2026-06-17 11:22:21,413 - DEBUG    [browser_use.BrowserSession🅑 f81e 🅣 [91m--[0m] [SessionManager] Created target 6CA49012... (type=worker)
2026-06-17 11:22:21,413 - DEBUG    [browser_use.BrowserSession🅑 f81e 🅣 [91m--[0m] [SessionManager] Created session FCD4239B... for target 6CA49012... (total sessions: 24)
2026-06-17 11:22:21,413 - DEBUG    [browser_use.BrowserSession🅑 f81e 🅣 [91m--[0m] [SessionManager] Created target 39B0D033... (type=worker)
2026-06-17 11:22:21,413 - DEBUG    [browser_use.BrowserSession🅑 f81e 🅣 [91m--[0m] [SessionManager] Created session 6D94BA2F... for target 39B0D033... (total sessions: 25)
2026-06-17 11:22:21,413 - DEBUG    [browser_use.BrowserSession🅑 f81e 🅣 [91m--[0m] [SessionManager] Created target 7ACEA079... (type=worker)
2026-06-17 11:22:21,413 - DEBUG    [browser_use.BrowserSession🅑 f81e 🅣 [91m--[0m] [SessionManager] Created session 93613A4D... for target 7ACEA079... (total sessions: 26)
2026-06-17 11:22:21,413 - DEBUG    [browser_use.BrowserSession🅑 f81e 🅣 [91m--[0m] [SessionManager] Created target BECDDB8B... (type=worker)
2026-06-17 11:22:21,413 - DEBUG    [browser_use.BrowserSession🅑 f81e 🅣 [91m--[0m] [SessionManager] Created session 7C23716F... for target BECDDB8B... (total sessions: 27)
2026-06-17 11:22:21,413 - DEBUG    [browser_use.BrowserSession🅑 f81e 🅣 [91m--[0m] [SessionManager] Created session 86E3B2BD... for target 6CA49012... (total sessions: 28)
2026-06-17 11:22:21,413 - DEBUG    [browser_use.BrowserSession🅑 f81e 🅣 [91m--[0m] [SessionManager] Created session E47924A3... for target 64193C84... (total sessions: 29)
2026-06-17 11:22:21,414 - DEBUG    [browser_use.BrowserSession🅑 f81e 🅣 [91m--[0m] [SessionManager] Created session B87F4C85... for target 39B0D033... (total sessions: 30)
2026-06-17 11:22:21,414 - DEBUG    [browser_use.BrowserSession🅑 f81e 🅣 [91m--[0m] [SessionManager] Created session 41228BAD... for target 7ACEA079... (total sessions: 31)
2026-06-17 11:22:21,414 - DEBUG    [browser_use.BrowserSession🅑 f81e 🅣 [91m--[0m] [SessionManager] Created session FE3979AC... for target BECDDB8B... (total sessions: 32)
2026-06-17 11:22:21,414 - DEBUG    [browser_use.BrowserSession🅑 f81e 🅣 [91m--[0m] [SessionManager] Session detached: target=39B0D033... session=6D94BA2F... (remaining=1)
2026-06-17 11:22:21,414 - DEBUG    [browser_use.BrowserSession🅑 f81e 🅣 [91m--[0m] [SessionManager] Removed session 6D94BA2F... (remaining sessions: 31)
2026-06-17 11:22:21,414 - DEBUG    [browser_use.BrowserSession🅑 f81e 🅣 [91m--[0m] [SessionManager] Session detached: target=39B0D033... session=B87F4C85... (remaining=0)
2026-06-17 11:22:21,414 - DEBUG    [browser_use.BrowserSession🅑 f81e 🅣 [91m--[0m] [SessionManager] No sessions remain for target 39B0D033..., removing target
2026-06-17 11:22:21,414 - DEBUG    [browser_use.BrowserSession🅑 f81e 🅣 [91m--[0m] [SessionManager] Removed target 39B0D033... (remaining targets: 15)
2026-06-17 11:22:21,414 - DEBUG    [browser_use.BrowserSession🅑 f81e 🅣 [91m--[0m] [SessionManager] Removed session B87F4C85... (remaining sessions: 30)
2026-06-17 11:22:21,414 - DEBUG    [browser_use.BrowserSession🅑 f81e 🅣 [91m--[0m] [SessionManager] Target 39B0D033... fully removed (type=worker) - not dispatching TabClosedEvent
2026-06-17 11:22:21,414 - DEBUG    [browser_use.BrowserSession🅑 f81e 🅣 [91m--[0m] [SessionManager] Session detached: target=64193C84... session=C1C15042... (remaining=1)
2026-06-17 11:22:21,415 - DEBUG    [browser_use.BrowserSession🅑 f81e 🅣 [91m--[0m] [SessionManager] Removed session C1C15042... (remaining sessions: 29)
2026-06-17 11:22:21,415 - DEBUG    [browser_use.BrowserSession🅑 f81e 🅣 [91m--[0m] [SessionManager] Session detached: target=64193C84... session=E47924A3... (remaining=0)
2026-06-17 11:22:21,415 - DEBUG    [browser_use.BrowserSession🅑 f81e 🅣 [91m--[0m] [SessionManager] No sessions remain for target 64193C84..., removing target
2026-06-17 11:22:21,415 - DEBUG    [browser_use.BrowserSession🅑 f81e 🅣 [91m--[0m] [SessionManager] Removed target 64193C84... (remaining targets: 14)
2026-06-17 11:22:21,415 - DEBUG    [browser_use.BrowserSession🅑 f81e 🅣 [91m--[0m] [SessionManager] Removed session E47924A3... (remaining sessions: 28)
2026-06-17 11:22:21,415 - DEBUG    [browser_use.BrowserSession🅑 f81e 🅣 [91m--[0m] [SessionManager] Target 64193C84... fully removed (type=worker) - not dispatching TabClosedEvent
2026-06-17 11:22:21,415 - DEBUG    [browser_use.BrowserSession🅑 f81e 🅣 [91m--[0m] [SessionManager] Session detached: target=6CA49012... session=FCD4239B... (remaining=1)
2026-06-17 11:22:21,415 - DEBUG    [browser_use.BrowserSession🅑 f81e 🅣 [91m--[0m] [SessionManager] Removed session FCD4239B... (remaining sessions: 27)
2026-06-17 11:22:21,415 - DEBUG    [browser_use.BrowserSession🅑 f81e 🅣 [91m--[0m] [SessionManager] Session detached: target=6CA49012... session=86E3B2BD... (remaining=0)
2026-06-17 11:22:21,415 - DEBUG    [browser_use.BrowserSession🅑 f81e 🅣 [91m--[0m] [SessionManager] No sessions remain for target 6CA49012..., removing target
2026-06-17 11:22:21,415 - DEBUG    [browser_use.BrowserSession🅑 f81e 🅣 [91m--[0m] [SessionManager] Removed target 6CA49012... (remaining targets: 13)
2026-06-17 11:22:21,415 - DEBUG    [browser_use.BrowserSession🅑 f81e 🅣 [91m--[0m] [SessionManager] Removed session 86E3B2BD... (remaining sessions: 26)
2026-06-17 11:22:21,415 - DEBUG    [browser_use.BrowserSession🅑 f81e 🅣 [91m--[0m] [SessionManager] Target 6CA49012... fully removed (type=worker) - not dispatching TabClosedEvent
2026-06-17 11:22:21,415 - DEBUG    [browser_use.BrowserSession🅑 f81e 🅣 [91m--[0m] [SessionManager] Session detached: target=E9A8CBBB... session=FA3E1D21... (remaining=1)
2026-06-17 11:22:21,415 - DEBUG    [browser_use.BrowserSession🅑 f81e 🅣 [91m--[0m] [SessionManager] Removed session FA3E1D21... (remaining sessions: 25)
2026-06-17 11:22:21,415 - DEBUG    [browser_use.BrowserSession🅑 f81e 🅣 [91m--[0m] [SessionManager] Session detached: target=E9A8CBBB... session=368F1469... (remaining=0)
2026-06-17 11:22:21,415 - DEBUG    [browser_use.BrowserSession🅑 f81e 🅣 [91m--[0m] [SessionManager] No sessions remain for target E9A8CBBB..., removing target
2026-06-17 11:22:21,416 - DEBUG    [browser_use.BrowserSession🅑 f81e 🅣 [91m--[0m] [SessionManager] Removed target E9A8CBBB... (remaining targets: 12)
2026-06-17 11:22:21,416 - DEBUG    [browser_use.BrowserSession🅑 f81e 🅣 [91m--[0m] [SessionManager] Removed session 368F1469... (remaining sessions: 24)
2026-06-17 11:22:21,416 - DEBUG    [browser_use.BrowserSession🅑 f81e 🅣 [91m--[0m] [SessionManager] Target E9A8CBBB... fully removed (type=worker) - not dispatching TabClosedEvent
2026-06-17 11:22:21,416 - DEBUG    [browser_use.BrowserSession🅑 f81e 🅣 [91m--[0m] [SessionManager] Session detached from untracked target: target=D2550D4D... session=DC93C969... (target was already removed or attach event was missed)
2026-06-17 11:22:21,416 - DEBUG    [browser_use.BrowserSession🅑 f81e 🅣 [91m--[0m] [SessionManager] Session detached from untracked target: target=D2550D4D... session=E54D241F... (target was already removed or attach event was missed)
2026-06-17 11:22:21,416 - DEBUG    [browser_use.BrowserSession🅑 f81e 🅣 [91m--[0m] [SessionManager] Session detached: target=7ACEA079... session=93613A4D... (remaining=1)
2026-06-17 11:22:21,416 - DEBUG    [browser_use.BrowserSession🅑 f81e 🅣 [91m--[0m] [SessionManager] Removed session 93613A4D... (remaining sessions: 23)
2026-06-17 11:22:21,416 - DEBUG    [browser_use.BrowserSession🅑 f81e 🅣 [91m--[0m] [SessionManager] Session detached: target=7ACEA079... session=41228BAD... (remaining=0)
2026-06-17 11:22:21,416 - DEBUG    [browser_use.BrowserSession🅑 f81e 🅣 [91m--[0m] [SessionManager] No sessions remain for target 7ACEA079..., removing target
2026-06-17 11:22:21,416 - DEBUG    [browser_use.BrowserSession🅑 f81e 🅣 [91m--[0m] [SessionManager] Removed target 7ACEA079... (remaining targets: 11)
2026-06-17 11:22:21,416 - DEBUG    [browser_use.BrowserSession🅑 f81e 🅣 [91m--[0m] [SessionManager] Removed session 41228BAD... (remaining sessions: 22)
2026-06-17 11:22:21,416 - DEBUG    [browser_use.BrowserSession🅑 f81e 🅣 [91m--[0m] [SessionManager] Target 7ACEA079... fully removed (type=worker) - not dispatching TabClosedEvent
2026-06-17 11:22:21,416 - DEBUG    [browser_use.BrowserSession🅑 f81e 🅣 [91m--[0m] [SessionManager] Session detached from untracked target: target=2367678E... session=4B1765FC... (target was already removed or attach event was missed)
2026-06-17 11:22:21,416 - DEBUG    [browser_use.BrowserSession🅑 f81e 🅣 [91m--[0m] [SessionManager] Session detached from untracked target: target=2367678E... session=5280B887... (target was already removed or attach event was missed)
2026-06-17 11:22:21,417 - DEBUG    [browser_use.BrowserSession🅑 f81e 🅣 [91m--[0m] [SessionManager] Session detached from untracked target: target=62A986AC... session=54B6BC3B... (target was already removed or attach event was missed)
2026-06-17 11:22:21,417 - DEBUG    [browser_use.BrowserSession🅑 f81e 🅣 [91m--[0m] [SessionManager] Session detached from untracked target: target=62A986AC... session=A69850F3... (target was already removed or attach event was missed)
2026-06-17 11:22:21,417 - DEBUG    [browser_use.BrowserSession🅑 f81e 🅣 [91m--[0m] [SessionManager] Session detached from untracked target: target=572C4491... session=0BAE64FA... (target was already removed or attach event was missed)
2026-06-17 11:22:21,417 - DEBUG    [browser_use.BrowserSession🅑 f81e 🅣 [91m--[0m] [SessionManager] Session detached from untracked target: target=572C4491... session=C79C21E5... (target was already removed or attach event was missed)
2026-06-17 11:22:21,417 - DEBUG    [browser_use.BrowserSession🅑 f81e 🅣 [91m--[0m] [SessionManager] Session detached from untracked target: target=287AC477... session=E6508E80... (target was already removed or attach event was missed)
2026-06-17 11:22:21,417 - DEBUG    [browser_use.BrowserSession🅑 f81e 🅣 [91m--[0m] [SessionManager] Session detached from untracked target: target=287AC477... session=CB0A385A... (target was already removed or attach event was missed)
2026-06-17 11:22:21,418 - DEBUG    [browser_use.BrowserSession🅑 f81e 🅣 [91m--[0m] [SessionManager] Session detached from untracked target: target=3343619D... session=A0A4D225... (target was already removed or attach event was missed)
2026-06-17 11:22:21,418 - DEBUG    [browser_use.BrowserSession🅑 f81e 🅣 [91m--[0m] [SessionManager] Session detached from untracked target: target=3343619D... session=53789616... (target was already removed or attach event was missed)
2026-06-17 11:22:21,418 - DEBUG    [browser_use.BrowserSession🅑 f81e 🅣 [91m--[0m] [SessionManager] Session detached from untracked target: target=046B87D8... session=E3CEC0D9... (target was already removed or attach event was missed)
2026-06-17 11:22:21,418 - DEBUG    [browser_use.BrowserSession🅑 f81e 🅣 [91m--[0m] [SessionManager] Session detached from untracked target: target=046B87D8... session=4B2AC524... (target was already removed or attach event was missed)
2026-06-17 11:22:21,418 - DEBUG    [browser_use.BrowserSession🅑 f81e 🅣 [91m--[0m] [SessionManager] Session detached from untracked target: target=D465D6E2... session=7AA0822F... (target was already removed or attach event was missed)
2026-06-17 11:22:21,418 - DEBUG    [browser_use.BrowserSession🅑 f81e 🅣 [91m--[0m] [SessionManager] Session detached from untracked target: target=D465D6E2... session=BD2563FB... (target was already removed or attach event was missed)
2026-06-17 11:22:21,418 - DEBUG    [browser_use.BrowserSession🅑 f81e 🅣 [91m--[0m] [SessionManager] Session detached: target=BECDDB8B... session=7C23716F... (remaining=1)
2026-06-17 11:22:21,418 - DEBUG    [browser_use.BrowserSession🅑 f81e 🅣 [91m--[0m] [SessionManager] Removed session 7C23716F... (remaining sessions: 21)
2026-06-17 11:22:21,418 - DEBUG    [browser_use.BrowserSession🅑 f81e 🅣 [91m--[0m] [SessionManager] Session detached: target=BECDDB8B... session=FE3979AC... (remaining=0)
2026-06-17 11:22:21,418 - DEBUG    [browser_use.BrowserSession🅑 f81e 🅣 [91m--[0m] [SessionManager] No sessions remain for target BECDDB8B..., removing target
2026-06-17 11:22:21,418 - DEBUG    [browser_use.BrowserSession🅑 f81e 🅣 [91m--[0m] [SessionManager] Removed target BECDDB8B... (remaining targets: 10)
2026-06-17 11:22:21,418 - DEBUG    [browser_use.BrowserSession🅑 f81e 🅣 [91m--[0m] [SessionManager] Removed session FE3979AC... (remaining sessions: 20)
2026-06-17 11:22:21,418 - DEBUG    [browser_use.BrowserSession🅑 f81e 🅣 [91m--[0m] [SessionManager] Target BECDDB8B... fully removed (type=worker) - not dispatching TabClosedEvent
2026-06-17 11:22:21,418 - DEBUG    [browser_use.BrowserSession🅑 f81e 🅣 [91m--[0m] [SessionManager] Session detached from untracked target: target=8C558CF0... session=7F157776... (target was already removed or attach event was missed)
2026-06-17 11:22:21,418 - DEBUG    [browser_use.BrowserSession🅑 f81e 🅣 [91m--[0m] [SessionManager] Session detached from untracked target: target=8C558CF0... session=4F9B2374... (target was already removed or attach event was missed)
2026-06-17 11:22:21,418 - DEBUG    [browser_use.BrowserSession🅑 f81e 🅣 [91m--[0m] [SessionManager] Session detached: target=2DE860C9... session=80BBAEE5... (remaining=1)
2026-06-17 11:22:21,418 - DEBUG    [browser_use.BrowserSession🅑 f81e 🅣 [91m--[0m] [SessionManager] Removed session 80BBAEE5... (remaining sessions: 19)
2026-06-17 11:22:21,419 - DEBUG    [browser_use.BrowserSession🅑 f81e 🅣 [91m--[0m] [SessionManager] Session detached: target=2DE860C9... session=A79F0A76... (remaining=0)
2026-06-17 11:22:21,419 - DEBUG    [browser_use.BrowserSession🅑 f81e 🅣 [91m--[0m] [SessionManager] No sessions remain for target 2DE860C9..., removing target
2026-06-17 11:22:21,419 - DEBUG    [browser_use.BrowserSession🅑 f81e 🅣 [91m--[0m] [SessionManager] Removed target 2DE860C9... (remaining targets: 9)
2026-06-17 11:22:21,419 - DEBUG    [browser_use.BrowserSession🅑 f81e 🅣 [91m--[0m] [SessionManager] Removed session A79F0A76... (remaining sessions: 18)
2026-06-17 11:22:21,419 - DEBUG    [browser_use.BrowserSession🅑 f81e 🅣 [91m--[0m] [SessionManager] Target 2DE860C9... fully removed (type=worker) - not dispatching TabClosedEvent
2026-06-17 11:22:21,419 - DEBUG    [browser_use.BrowserSession🅑 f81e 🅣 [91m--[0m] [SessionManager] Created target 287AC477... (type=worker)
2026-06-17 11:22:21,419 - DEBUG    [browser_use.BrowserSession🅑 f81e 🅣 [91m--[0m] [SessionManager] Created session E6508E80... for target 287AC477... (total sessions: 19)
2026-06-17 11:22:21,419 - DEBUG    [browser_use.BrowserSession🅑 f81e 🅣 [91m--[0m] [SessionManager] Created session CB0A385A... for target 287AC477... (total sessions: 20)
2026-06-17 11:22:21,419 - DEBUG    [browser_use.BrowserSession🅑 f81e 🅣 [91m--[0m] [SessionManager] Created target 62A986AC... (type=worker)
2026-06-17 11:22:21,419 - DEBUG    [browser_use.BrowserSession🅑 f81e 🅣 [91m--[0m] [SessionManager] Created session 54B6BC3B... for target 62A986AC... (total sessions: 21)
2026-06-17 11:22:21,419 - DEBUG    [browser_use.BrowserSession🅑 f81e 🅣 [91m--[0m] [SessionManager] Created session A69850F3... for target 62A986AC... (total sessions: 22)
2026-06-17 11:22:21,419 - DEBUG    [browser_use.BrowserSession🅑 f81e 🅣 [91m--[0m] [SessionManager] Created target 2367678E... (type=worker)
2026-06-17 11:22:21,419 - DEBUG    [browser_use.BrowserSession🅑 f81e 🅣 [91m--[0m] [SessionManager] Created session 4B1765FC... for target 2367678E... (total sessions: 23)
2026-06-17 11:22:21,420 - DEBUG    [browser_use.BrowserSession🅑 f81e 🅣 [91m--[0m] [SessionManager] Created session 5280B887... for target 2367678E... (total sessions: 24)
2026-06-17 11:22:21,420 - DEBUG    [browser_use.BrowserSession🅑 f81e 🅣 [91m--[0m] [SessionManager] Created target D465D6E2... (type=worker)
2026-06-17 11:22:21,420 - DEBUG    [browser_use.BrowserSession🅑 f81e 🅣 [91m--[0m] [SessionManager] Created session 7AA0822F... for target D465D6E2... (total sessions: 25)
2026-06-17 11:22:21,420 - DEBUG    [browser_use.BrowserSession🅑 f81e 🅣 [91m--[0m] [SessionManager] Created session BD2563FB... for target D465D6E2... (total sessions: 26)
2026-06-17 11:22:21,420 - DEBUG    [browser_use.BrowserSession🅑 f81e 🅣 [91m--[0m] [SessionManager] Created target 572C4491... (type=worker)
2026-06-17 11:22:21,420 - DEBUG    [browser_use.BrowserSession🅑 f81e 🅣 [91m--[0m] [SessionManager] Created session 0BAE64FA... for target 572C4491... (total sessions: 27)
2026-06-17 11:22:21,420 - DEBUG    [browser_use.BrowserSession🅑 f81e 🅣 [91m--[0m] [SessionManager] Created session C79C21E5... for target 572C4491... (total sessions: 28)
2026-06-17 11:22:21,420 - DEBUG    [browser_use.BrowserSession🅑 f81e 🅣 [91m--[0m] [SessionManager] Created target 046B87D8... (type=worker)
2026-06-17 11:22:21,420 - DEBUG    [browser_use.BrowserSession🅑 f81e 🅣 [91m--[0m] [SessionManager] Created session E3CEC0D9... for target 046B87D8... (total sessions: 29)
2026-06-17 11:22:21,421 - DEBUG    [browser_use.BrowserSession🅑 f81e 🅣 [91m--[0m] [SessionManager] Created session 4B2AC524... for target 046B87D8... (total sessions: 30)
2026-06-17 11:22:21,421 - DEBUG    [browser_use.BrowserSession🅑 f81e 🅣 [91m--[0m] [SessionManager] Created target 8C558CF0... (type=worker)
2026-06-17 11:22:21,421 - DEBUG    [browser_use.BrowserSession🅑 f81e 🅣 [91m--[0m] [SessionManager] Created session 7F157776... for target 8C558CF0... (total sessions: 31)
2026-06-17 11:22:21,421 - DEBUG    [browser_use.BrowserSession🅑 f81e 🅣 [91m--[0m] [SessionManager] Created session 4F9B2374... for target 8C558CF0... (total sessions: 32)
2026-06-17 11:22:21,421 - DEBUG    [browser_use.BrowserSession🅑 f81e 🅣 [91m--[0m] [SessionManager] Created target 3343619D... (type=worker)
2026-06-17 11:22:21,421 - DEBUG    [browser_use.BrowserSession🅑 f81e 🅣 [91m--[0m] [SessionManager] Created session A0A4D225... for target 3343619D... (total sessions: 33)
2026-06-17 11:22:21,421 - DEBUG    [browser_use.BrowserSession🅑 f81e 🅣 [91m--[0m] [SessionManager] Created session 53789616... for target 3343619D... (total sessions: 34)
2026-06-17 11:22:21,421 - DEBUG    [browser_use.BrowserSession🅑 f81e 🅣 [91m--[0m] [SessionManager] Created target D2550D4D... (type=worker)
2026-06-17 11:22:21,421 - DEBUG    [browser_use.BrowserSession🅑 f81e 🅣 [91m--[0m] [SessionManager] Created session DC93C969... for target D2550D4D... (total sessions: 35)
2026-06-17 11:22:21,421 - DEBUG    [browser_use.BrowserSession🅑 f81e 🅣 [91m--[0m] [SessionManager] Created session E54D241F... for target D2550D4D... (total sessions: 36)
2026-06-17 11:22:21,566 - DEBUG    [browser_use.BrowserSession🅑 f81e 🅣 [91m--[0m] [SessionManager] Session detached: target=DEE3A687... session=5BB0774D... (remaining=1)
2026-06-17 11:22:21,566 - DEBUG    [browser_use.BrowserSession🅑 f81e 🅣 [91m--[0m] [SessionManager] Removed session 5BB0774D... (remaining sessions: 35)
2026-06-17 11:22:21,566 - DEBUG    [browser_use.BrowserSession🅑 f81e 🅣 [91m--[0m] [SessionManager] Session detached: target=DEE3A687... session=511079C1... (remaining=0)
2026-06-17 11:22:21,566 - DEBUG    [browser_use.BrowserSession🅑 f81e 🅣 [91m--[0m] [SessionManager] No sessions remain for target DEE3A687..., removing target
2026-06-17 11:22:21,566 - DEBUG    [browser_use.BrowserSession🅑 f81e 🅣 [91m--[0m] [SessionManager] Removed target DEE3A687... (remaining targets: 17)
2026-06-17 11:22:21,566 - DEBUG    [browser_use.BrowserSession🅑 f81e 🅣 [91m--[0m] [SessionManager] Removed session 511079C1... (remaining sessions: 34)
2026-06-17 11:22:21,566 - DEBUG    [browser_use.BrowserSession🅑 f81e 🅣 [91m--[0m] [SessionManager] Target DEE3A687... fully removed (type=iframe) - not dispatching TabClosedEvent
2026-06-17 11:22:21,568 - DEBUG    [browser_use.BrowserSession🅑 f81e 🅣 [91m--[0m] [SessionManager] Session detached: target=36E3306A... session=33B38336... (remaining=1)
2026-06-17 11:22:21,568 - DEBUG    [browser_use.BrowserSession🅑 f81e 🅣 [91m--[0m] [SessionManager] Removed session 33B38336... (remaining sessions: 33)
2026-06-17 11:22:21,568 - DEBUG    [browser_use.BrowserSession🅑 f81e 🅣 [91m--[0m] [SessionManager] Session detached: target=36E3306A... session=F3C09C9A... (remaining=0)
2026-06-17 11:22:21,568 - DEBUG    [browser_use.BrowserSession🅑 f81e 🅣 [91m--[0m] [SessionManager] No sessions remain for target 36E3306A..., removing target
2026-06-17 11:22:21,568 - DEBUG    [browser_use.BrowserSession🅑 f81e 🅣 [91m--[0m] [SessionManager] Removed target 36E3306A... (remaining targets: 16)
2026-06-17 11:22:21,568 - DEBUG    [browser_use.BrowserSession🅑 f81e 🅣 [91m--[0m] [SessionManager] Removed session F3C09C9A... (remaining sessions: 32)
2026-06-17 11:22:21,568 - DEBUG    [browser_use.BrowserSession🅑 f81e 🅣 [91m--[0m] [SessionManager] Target 36E3306A... fully removed (type=worker) - not dispatching TabClosedEvent
2026-06-17 11:22:22,032 - DEBUG    [browser_use.BrowserSession🅑 f81e 🅣 E5] [StorageStateWatchdog] Detected changes to sync with storage_state.json
2026-06-17 11:22:33,933 - DEBUG    [browser_use.tokens.service] Token cost service: model='qwen3.5-397b-a17b' timestamp=datetime.datetime(2026, 6, 17, 11, 22, 33, 933547) usage=ChatInvokeUsage(prompt_tokens=10039, prompt_cached_tokens=None, prompt_cache_creation_tokens=None, prompt_image_tokens=None, completion_tokens=627, total_tokens=10666)
2026-06-17 11:22:33,933 - DEBUG    [browser_use.Agent🅰 56e2 ⇢ 🅑 f81e 🅣 E5] 💡 Thinking:
The browser is currently stuck on a Cloudflare security challenge page (cf-chl-widget) that requires human interaction to verify the user is not a bot. This is blocking access to the main IDP website. According to the error_recovery rules, when blocked by captcha/login/403, I should consider alternative approaches rather than retrying. The task instructions also state: '如果遇到人机验证，不要自动绕过，只在最终结果中报告需要人工处理' (If encountering human verification, do not automatically bypass it, only report in final results that manual handling is needed). Since we've already waited twice and the challenge persists, continuing to wait or retry won't help. This is a case where I need to report the limitation - the site has bot protection that cannot be bypassed automatically.
2026-06-17 11:22:33,933 - INFO     [Agent]   [31m⚠️ Eval: Waited for Cloudflare verification but still blocked by security challenge requiring human interaction. Verdict: Failure (cannot proceed with automated access)[0m
2026-06-17 11:22:33,933 - INFO     [Agent]   🧠 Memory: Navigated to idp.bl.uk but hit Cloudflare security challenge that requires human verification. Waited 5s then 8s but challenge persists. Cannot proceed with automated search and download due to anti-bot protection. Need to report this limitation as per task instructions.
2026-06-17 11:22:33,934 - INFO     [Agent]   [34m🎯 Next goal: Since the site is blocked by Cloudflare captcha that cannot be bypassed automatically, I need to call done with success=false and report that manual human verification is required at https://idp.bl.uk/ before the download task can proceed.[0m
2026-06-17 11:22:33,934 - DEBUG    [browser_use.Agent🅰 56e2 ⇢ 🅑 f81e 🅣 E5] ⏳ get_next_action() took 16.49s
2026-06-17 11:22:33,934 - DEBUG    [browser_use.Agent🅰 56e2 ⇢ 🅑 f81e 🅣 E5] ✅ Step 5: Got LLM response with 1 actions
2026-06-17 11:22:33,934 - INFO     [Agent]   ▶️   [34mdone[0m: [35mtext[0m: BLOCKED BY CLOUDFLARE SECURITY CHALLENGE

The IDP website (https://idp.bl.uk/) is protected by Cloudflare's anti-bot security service which requires h..., [35msuccess[0m: False, [35mfiles_to_display[0m: ['todo.md']
2026-06-17 11:22:33,934 - INFO     [Agent] 
📄 [31m Final Result:[0m 
BLOCKED BY CLOUDFLARE SECURITY CHALLENGE

The IDP website (https://idp.bl.uk/) is protected by Cloudflare's anti-bot security service which requires human verification to proceed. The browser automation cannot bypass this security measure.

Current Status:
- Successfully navigated to https://idp.bl.uk/
- Encountered Cloudflare security challenge page (Ray ID: a0ceedca8cbce2e2)
- Waited multiple times for automatic verification but challenge persists
- Human interaction required to complete the security check

What needs to be done manually:
1. Open https://idp.bl.uk/ in a regular browser
2. Complete the Cloudflare security verification (click/check whatever is required)
3. Once past the security page, the automated download task can resume

Files created:
- todo.md: Task tracking file with planned steps

To continue after manual verification:
1. Complete the Cloudflare check in your browser
2. Re-run this automation task
3. The script will detect existing progress and continue from where it left off using idp_progress.json

Attachments:

todo.md:
# IDP china_buddhist Image Download Task

## Goal: Download 5000 images related to china_buddhist

## Tasks:
- [ ] Navigate to https://idp.bl.uk/ and handle cookie banners
- [ ] Search for keyword 'china_buddhist'
- [ ] Process page 1: Use download_current_idp_search_page_images
- [ ] Continue processing subsequent pages until 5000 images downloaded
- [ ] Validate completion with validate_download_completion
- [ ] Call finish_download_task with final report



2026-06-17 11:22:33,934 - INFO     [Agent] 👉 Attachment : D:\desktop\1\browser-use-main\browseruse_agent_data\todo.md
2026-06-17 11:22:33,934 - DEBUG    [browser_use.Agent🅰 56e2 ⇢ 🅑 f81e 🅣 E5] 📸 No screenshot in browser_state_summary for step 5
2026-06-17 11:22:33,934 - DEBUG    [browser_use.Agent🅰 56e2 ⇢ 🅑 f81e 🅣 E5] 📍 Step 5: Ran 1 action in 16.54s: ✅ 1
2026-06-17 11:22:33,934 - DEBUG    [browser_use.agent.cloud_events] 📸 No screenshot in browser_state_summary for CreateAgentStepEvent
2026-06-17 11:22:33,935 - DEBUG    [browser_use.Agent🅰 56e2 ⇢ 🅑 f81e 🅣 E5] ⏳ step() took 16.54s
2026-06-17 11:22:33,935 - DEBUG    [browser_use.Agent🅰 56e2 ⇢ 🅑 f81e 🅣 E5] ✅ Completed step 5/100000
2026-06-17 11:22:33,960 - DEBUG    [cost] 🧠 [96mqwen3.5-397b-a17b[0m | 📥 [93m10.0k[0m | 📤 [92m627[0m
2026-06-17 11:22:40,858 - DEBUG    [browser_use.tokens.service] Token cost service: model='qwen3.5-397b-a17b' timestamp=datetime.datetime(2026, 6, 17, 11, 22, 40, 858797) usage=ChatInvokeUsage(prompt_tokens=6356, prompt_cached_tokens=None, prompt_cache_creation_tokens=None, prompt_image_tokens=None, completion_tokens=233, total_tokens=6589)
2026-06-17 11:22:40,859 - INFO     [Agent] 
⚖️  [31mJudge Verdict: ❌ FAIL[0m
   Failure Reason: The agent was blocked by a Cloudflare security challenge (anti-bot verification) immediately upon navigating to the target website. The task requires accessing the site to search and download 5000 images, but the agent could not proceed past the security page. No images were downloaded and no search was performed due to this external blocking mechanism.
   🤖 Captcha Detected: Agent encountered captcha challenges
   👉 🥷 Use Browser Use Cloud for the most stealth browser infra: https://docs.browser-use.com/customize/browser/remote
   The agent attempted to navigate to the target website (https://idp.bl.uk/) but was immediately blocked by a Cloudflare security challenge (anti-bot measure). The agent waited for several seconds hoping for automatic resolution, but the challenge persisted. Recognizing that it could not bypass this security measure without human intervention, the agent correctly identified the situation as a blocker and terminated the task with an appropriate explanation. No images were downloaded, no search was performed, and no data was extracted because the agent never gained access to the actual website content. This falls under the failure condition of being blocked by captcha/verification requirements.

2026-06-17 11:22:40,859 - DEBUG    [cost]   🤖 [96mqwen3.5-397b-a17b[0m: [94m57.1k tokens[0m | ⬅️ [93m54.9k[0m | ➡️ [92m2.1k[0m | 📞 6 calls | 📈 9.5k/call
2026-06-17 11:22:40,916 - INFO     [Agent] 
2026-06-17 11:22:40,916 - INFO     [Agent] Failed because of CAPTCHA? For better browser stealth, try:
2026-06-17 11:22:40,916 - INFO     [Agent]    agent = Agent(task="# IDP “chi...", browser=Browser(use_cloud=True))
2026-06-17 11:22:40,916 - INFO     [Agent] 
2026-06-17 11:22:40,916 - INFO     [Agent] Did the Agent not work as expected? Let us fix this!
2026-06-17 11:22:40,916 - INFO     [Agent]    Open a short issue on GitHub: https://github.com/browser-use/browser-use/issues
2026-06-17 11:22:40,917 - DEBUG    [cost] 🧠 [96mqwen3.5-397b-a17b[0m | 📥 [93m6.4k[0m | 📤 [92m233[0m
2026-06-17 11:22:40,917 - DEBUG    [browser_use.BrowserSession🅑 f81e 🅣 E5] 🛑 kill() called - stopping browser with force=True and resetting state
2026-06-17 11:22:40,918 - DEBUG    [browser_use.BrowserSession🅑 f81e 🅣 E5] 🚌 [StorageStateWatchdog.on_SaveStorageStateEvent(#0cb1)] ⏳ Starting...       👈 by Agent 
2026-06-17 11:22:40,920 - DEBUG    [browser_use.BrowserSession🅑 f81e 🅣 E5] 🚌 [StorageStateWatchdog.on_SaveStorageStateEvent(#0cb1)] Succeeded (0.00s) 👉 returned to  Agent
2026-06-17 11:22:40,921 - DEBUG    [browser_use.BrowserSession🅑 f81e 🅣 E5] 🚌 [BrowserSession.on_BrowserStopEvent(#29eb)]            ⏳ Starting...       👈 by Agent 
2026-06-17 11:22:40,921 - INFO     [BrowserSession] 📢 on_BrowserStopEvent - Calling reset() (force=True, keep_alive=None)
2026-06-17 11:22:40,921 - DEBUG    [browser_use.BrowserSession🅑 f81e 🅣 E5] 🔄 Resetting browser session (CDP: connected, SessionManager: exists, focus: 6AE5)
2026-06-17 11:22:40,921 - INFO     [BrowserSession] [SessionManager] Cleared all owned data (targets, sessions, mappings)
2026-06-17 11:22:40,923 - DEBUG    [browser_use.BrowserSession🅑 f81e 🅣 E5] Closed CDP client WebSocket during reset
2026-06-17 11:22:40,930 - INFO     [BrowserSession] ✅ Browser session reset complete
2026-06-17 11:22:40,935 - DEBUG    [browser_use.BrowserSession🅑 f81e 🅣 [91m--[0m] 🚌 [DownloadsWatchdog.on_BrowserStoppedEvent(#48c8)]      ⏳ Starting...       ↲  triggered by on_BrowserStopEvent#29eb 👈 by Agent
2026-06-17 11:22:40,935 - DEBUG    [browser_use.BrowserSession🅑 f81e 🅣 [91m--[0m] 🚌 [DownloadsWatchdog.on_BrowserStoppedEvent(#48c8)]      Succeeded (0.00s) ⤴  returned to  on_BrowserStopEvent#29eb
2026-06-17 11:22:40,935 - DEBUG    [browser_use.BrowserSession🅑 f81e 🅣 [91m--[0m] 🚌 [AboutBlankWatchdog.on_BrowserStoppedEvent(#48c8)]     ⏳ Starting...       ↲  triggered by on_BrowserStopEvent#29eb 👈 by Agent
2026-06-17 11:22:40,935 - DEBUG    [browser_use.BrowserSession🅑 f81e 🅣 [91m--[0m] 🚌 [AboutBlankWatchdog.on_BrowserStoppedEvent(#48c8)]     Succeeded (0.00s) ⤴  returned to  on_BrowserStopEvent#29eb
2026-06-17 11:22:40,935 - DEBUG    [browser_use.BrowserSession🅑 f81e 🅣 [91m--[0m] 🚌 [BrowserSession.on_BrowserStopEvent(#29eb)]            Succeeded (0.01s) 👉 returned to  Agent
2026-06-17 11:22:40,936 - DEBUG    [browser_use.BrowserSession🅑 f81e 🅣 [91m--[0m] 🚌 [StorageStateWatchdog.on_BrowserStopEvent(#29eb)]      ⏳ Starting...       👈 by Agent 
2026-06-17 11:22:40,936 - DEBUG    [browser_use.BrowserSession🅑 f81e 🅣 [91m--[0m] [StorageStateWatchdog] Stopping storage_state monitoring
2026-06-17 11:22:40,936 - DEBUG    [browser_use.BrowserSession🅑 f81e 🅣 [91m--[0m] 🚌 [StorageStateWatchdog.on_BrowserStopEvent(#29eb)]      Succeeded (0.00s) 👉 returned to  Agent
2026-06-17 11:22:40,936 - DEBUG    [browser_use.BrowserSession🅑 f81e 🅣 [91m--[0m] 🚌 [LocalBrowserWatchdog.on_BrowserStopEvent(#29eb)]      ⏳ Starting...       👈 by Agent 
2026-06-17 11:22:40,936 - DEBUG    [browser_use.BrowserSession🅑 f81e 🅣 [91m--[0m] [LocalBrowserWatchdog] BrowserStopEvent received, dispatching BrowserKillEvent
2026-06-17 11:22:40,937 - DEBUG    [browser_use.BrowserSession🅑 f81e 🅣 [91m--[0m] 🚌 [LocalBrowserWatchdog.on_BrowserStopEvent(#29eb)]      Succeeded (0.00s) 👉 returned to  Agent
2026-06-17 11:22:40,937 - DEBUG    [browser_use.BrowserSession🅑 f81e 🅣 [91m--[0m] 🚌 [AboutBlankWatchdog.on_BrowserStopEvent(#29eb)]        ⏳ Starting...       👈 by Agent 
2026-06-17 11:22:40,937 - DEBUG    [browser_use.BrowserSession🅑 f81e 🅣 [91m--[0m] 🚌 [AboutBlankWatchdog.on_BrowserStopEvent(#29eb)]        Succeeded (0.00s) 👉 returned to  Agent
2026-06-17 11:22:40,937 - DEBUG    [browser_use.BrowserSession🅑 f81e 🅣 [91m--[0m] 🚌 [RecordingWatchdog.on_BrowserStopEvent(#29eb)]         ⏳ Starting...       👈 by Agent 
2026-06-17 11:22:40,937 - DEBUG    [browser_use.BrowserSession🅑 f81e 🅣 [91m--[0m] 🚌 [RecordingWatchdog.on_BrowserStopEvent(#29eb)]         Succeeded (0.00s) 👉 returned to  Agent
2026-06-17 11:22:40,938 - DEBUG    [browser_use.BrowserSession🅑 f81e 🅣 [91m--[0m] 🚌 [LocalBrowserWatchdog.on_BrowserKillEvent(#c4cd)]      ⏳ Starting...       ↲  triggered by on_BrowserStopEvent#29eb 👈 by Agent
2026-06-17 11:22:40,938 - DEBUG    [browser_use.BrowserSession🅑 f81e 🅣 [91m--[0m] [LocalBrowserWatchdog] Killing local browser process
2026-06-17 11:22:41,033 - DEBUG    [browser_use.BrowserSession🅑 f81e 🅣 [91m--[0m] [LocalBrowserWatchdog] Browser cleanup completed
2026-06-17 11:22:41,033 - DEBUG    [browser_use.BrowserSession🅑 f81e 🅣 [91m--[0m] 🚌 [LocalBrowserWatchdog.on_BrowserKillEvent(#c4cd)]      Succeeded (0.10s) ⤴  returned to  on_BrowserStopEvent#29eb
2026-06-17 11:22:41,035 - DEBUG    [browser_use.BrowserSession🅑 f81e 🅣 [91m--[0m] 🔄 Resetting browser session (CDP: not connected, SessionManager: None, focus: None)
2026-06-17 11:22:41,038 - INFO     [BrowserSession] ✅ Browser session reset complete
2026-06-17 11:22:41,147 - DEBUG    [browser_use.Agent🅰 56e2 ⇢ 🅑 f81e 🅣 --] 🧵 Remaining threads (3): ['MainThread', 'Thread-1', 'asyncio_0']
2026-06-17 11:22:41,147 - DEBUG    [browser_use.Agent🅰 56e2 ⇢ 🅑 f81e 🅣 --] ⚡ Remaining asyncio tasks (2):
2026-06-17 11:22:41,147 - DEBUG    [browser_use.Agent🅰 56e2 ⇢ 🅑 f81e 🅣 --]   - Task-1758: <Task pending name='Task-1758' coro=<AsyncClient.aclose() running at D:\desktop\1\browser-use-main\.venv\Lib\site-packages\httpx\_client.py:1978>>
2026-06-17 11:22:41,147 - DEBUG    [browser_use.Agent🅰 56e2 ⇢ 🅑 f81e 🅣 --]   - Task-1759: <Task pending name='Task-1759' coro=<AsyncClient.aclose() running at D:\desktop\1\browser-use-main\.venv\Lib\site-packages\httpx\_client.py:1978>>
2026-06-17 11:22:41,147 - DEBUG    [browser_use.Agent🅰 56e2 ⇢ 🅑 f81e 🅣 --] ⏳ run() took 83.36s
